Team,Team Name,Year,Average Age,Total Payroll Allocations,Active 26-Man,Injured,Retained,Buried,Wins,Losses,Postseason
OAK,Oakland Athletics,2024,26.5,62132581,28956713,15581092,15557073,1763221,69,93,No Playoffs
PIT,Pittsburgh Pirates,2024,27.7,84050989,51220210,14524211,15341351,2965217,76,86,No Playoffs
TB,Tampa Bay Rays,2024,26.8,89707422,37691876,13179262,34675167,1706572,80,82,No Playoffs
DET,Detroit Tigers,2024,26,96961614,33226992,26677166,36920494,1070295,86,76,Wildcard
CLE,Cleveland Guardians,2024,26.3,105224582,50885032,21120833,22945837,10272880,92,69,Division Winner
BAL,Baltimore Orioles,2024,28.4,109335494,65994548,10808540,30650082,1882324,91,71,Wildcard
MIL,Milwaukee Brewers,2024,27.9,114223379,71398748,34433308,6151779,2239544,93,69,Division Winner
CIN,Cincinnati Reds,2024,28.3,100254855,52050116,22271250,20560145,1573344,77,85,No Playoffs
KC,Kansas City Royals,2024,29.4,122566873,84606907,14486000,21087524,2386442,86,76,Wildcard
WSH,Washington Nationals,2024,26.9,103945407,60351144,26347303,14212004,2847990,71,91,No Playoffs
MIA,Miami Marlins,2024,26.7,96590305,11473396,19701083,64284585,4131241,62,100,No Playoffs
MIN,Minnesota Twins,2024,28.5,129080051,102020614,22053202,2570833,2435402,82,80,No Playoffs
SEA,Seattle Mariners,2024,28.5,147930632,93668820,29288727,28968591,2004494,85,77,No Playoffs
SD,San Diego Padres,2024,30,170855090,142394254,9034386,19045542,2437482,93,69,Wildcard
ARI,Arizona Diamondbacks,2024,28.9,172806829,134502970,9600600,25631063,3001465,89,73,No Playoffs
STL,St. Louis Cardinals,2024,28,175932759,112213666,44602200,18024055,1092838,83,79,No Playoffs
BOS,Boston Red Sox,2024,27.5,188537445,77327289,76400974,31745306,3063876,81,81,No Playoffs
COL,Colorado Rockies,2024,26.8,146100965,79534485,51060000,13132583,2373897,61,101,No Playoffs
LAD,Los Angeles Dodgers,2024,30.4,240240117,169526771,37949016,27706461,1846901,98,64,Division Winner
SF,San Francisco Giants,2024,27.6,201967381,102704227,53113846,44357646,1791662,80,82,No Playoffs
PHI,Philadelphia Phillies,2024,29,246299605,226211338,3031516,15356883,1699868,95,67,Division Winner
ATL,Atlanta Braves,2024,30.9,236433901,156338167,47028814,29249155,8417765,89,73,Wildcard
LAA,Los Angeles Angels,2024,27.4,172189987,40083433,108620160,18817429,5873804,63,99,No Playoffs
CHC,Chicago Cubs,2024,27.9,229567975,177805468,10207418,36617219,7604537,83,79,No Playoffs
TEX,Texas Rangers,2024,29.4,225545408,141209070,70265121,8523079,798138,78,84,No Playoffs
HOU,Houston Astros,2024,29.2,255271371,174853862,45109866,21665317,13642326,88,73,Division Winner
TOR,Toronto Blue Jays,2024,27.9,218402819,132130693,26456777,54615363,5199986,74,88,No Playoffs
CHW,Chicago White Sox,2024,26.1,132497547,74306691,8284460,46893796,3012600,41,121,No Playoffs
NYY,New York Yankees,2024,29.1,308574607,260231924,25630756,19146394,3565533,94,68,Division Winner
NYM,New York Mets,2024,30.4,314748899,186528021,37578740,87720420,3931503,89,73,Wildcard
BAL,Baltimore Orioles,2023,28,68706439,53159734,3179476,9861733,2505496,101,61,Division Winner
TB,Tampa Bay Rays,2023,27.5,74948362,50544710,15788201,2956334,1004572,99,63,Wildcard
PIT,Pittsburgh Pirates,2023,25.6,74670975,30946061,22463351,17801293,3460270,76,86,No Playoffs
CIN,Cincinnati Reds,2023,27.7,95573417,43815845,9699072,38896450,3162050,82,80,No Playoffs
CLE,Cleveland Guardians,2023,26.3,88911627,54881912,1881400,30397406,1158646,76,86,No Playoffs
OAK,Oakland Athletics,2023,26.1,62243227,31196397,7178987,16193039,7674804,50,112,No Playoffs
MIL,Milwaukee Brewers,2023,28.9,115413345,86339557,11924851,13590062,3260808,92,70,Division Winner
MIA,Miami Marlins,2023,28.7,105435809,59782517,25595861,10698514,1158917,84,78,No Playoffs
WSH,Washington Nationals,2023,26.9,93378663,49949016,32648896,7902056,2646435,71,91,No Playoffs
ARI,Arizona Diamondbacks,2023,27.6,116777354,60263998,11197775,39202529,6113052,84,78,Wildcard
SEA,Seattle Mariners,2023,27.1,124766903,71896948,27157168,24571247,1141540,88,74,No Playoffs
DET,Detroit Tigers,2023,27.5,119344514,82493535,20259107,15005322,1586550,78,84,No Playoffs
KC,Kansas City Royals,2023,26.7,95596347,54242001,17014952,22659571,1679823,56,106,No Playoffs
MIN,Minnesota Twins,2023,28.8,155999708,77967521,71263008,3421766,3347413,87,75,Division Winner
ATL,Atlanta Braves,2023,28.5,204689131,158186507,34160535,11447888,894201,104,58,Division Winner
STL,St. Louis Cardinals,2023,27.8,153793028,83908832,48168555,20560215,1155426,71,91,No Playoffs
CHC,Chicago Cubs,2023,28.5,189409358,134751105,12522069,35403285,6732899,83,79,No Playoffs
BOS,Boston Red Sox,2023,28.3,180926796,128063857,28736341,22444333,1682265,78,84,No Playoffs
SF,San Francisco Giants,2023,28.1,187398165,130565831,39922449,15271991,1637894,79,83,No Playoffs
LAD,Los Angeles Dodgers,2023,30,240278296,149705968,33764202,34802727,1290369,100,62,Division Winner
TOR,Toronto Blue Jays,2023,29.6,214630885,194200854,6851292,9776101,3802638,89,73,Wildcard
HOU,Houston Astros,2023,29.6,237107748,211270410,16713200,2830000,2694138,90,72,Division Winner
CHW,Chicago White Sox,2023,27.9,162863836,85292616,37717329,38812106,1041785,61,101,No Playoffs
PHI,Philadelphia Phillies,2023,28.4,245419295,218609553,12530327,3345770,10933645,90,72,Wildcard
TEX,Texas Rangers,2023,29.2,251332754,148828188,96208979,4993881,1301706,90,72,No Playoffs
COL,Colorado Rockies,2023,28.1,171026607,75181741,46742764,47613189,1488913,59,103,No Playoffs
SD,San Diego Padres,2023,29.2,253450531,163098555,71689912,16420993,716071,82,80,No Playoffs
LAA,Los Angeles Angels,2023,26.8,227884276,43769159,147537321,28243281,1334515,73,89,No Playoffs
NYY,New York Yankees,2023,28.5,278651150,187316625,50681231,35880817,1452477,82,80,No Playoffs
NYM,New York Mets,2023,28.4,341673777,104157606,76849257,158207683,2459231,75,87,No Playoffs
BAL,Baltimore Orioles,2022,27.1,44888388,25488146,2759974,13258460,3381808,83,79,No Playoffs
CLE,Cleveland Guardians,2022,25.6,66477492,56507878,702900,4619812,4646902,92,70,Division Winner
OAK,Oakland Athletics,2022,27.1,48443900,15196960,6642582,22966027,3265269,60,102,No Playoffs
PIT,Pittsburgh Pirates,2022,26,56184032,30472503,8449026,13072838,4189665,62,100,No Playoffs
TB,Tampa Bay Rays,2022,27.9,97167073,50869016,33372433,11455026,1470598,86,76,Wildcard
ARI,Arizona Diamondbacks,2022,27.8,85293905,53176803,19224958,9707562,2484582,74,88,No Playoffs
SEA,Seattle Mariners,2022,27.6,110826407,77183408,9896644,13680533,2315822,90,72,Wildcard
MIA,Miami Marlins,2022,27.6,88454422,50291980,20999362,10674607,1938473,69,93,No Playoffs
KC,Kansas City Royals,2022,26.4,92613711,62728828,6413200,21516010,1955673,65,97,No Playoffs
MIL,Milwaukee Brewers,2022,28.5,130769325,93743089,5763506,26548013,4714717,86,76,No Playoffs
STL,St. Louis Cardinals,2022,28.8,155378325,134723541,8750000,9569813,2334971,93,69,Division Winner
HOU,Houston Astros,2022,29,183791796,142736145,21550000,14691453,2135613,106,56,Division Winner
ATL,Atlanta Braves,2022,29,177138888,143633732,20918726,10710954,1875476,101,61,Division Winner
CIN,Cincinnati Reds,2022,27.9,115417321,22546012,61180258,30148483,1542568,62,100,No Playoffs
TOR,Toronto Blue Jays,2022,28.5,177001966,141662800,25698159,7955708,1685299,92,70,Wildcard
MIN,Minnesota Twins,2022,27,150363491,77058186,53517506,18666930,1120869,78,84,No Playoffs
SF,San Francisco Giants,2022,28.3,161717317,43246200,90082706,19651602,2736809,81,81,No Playoffs
CHC,Chicago Cubs,2022,27.9,150580017,83228504,44219852,20225459,2906202,74,88,No Playoffs
DET,Detroit Tigers,2022,27.5,135112588,105762860,13017207,15133063,1199458,66,96,No Playoffs
COL,Colorado Rockies,2022,27.7,140012218,66960029,64172808,7833905,1045476,68,94,No Playoffs
TEX,Texas Rangers,2022,27.2,150037446,100539086,13330822,30024329,6143209,68,94,No Playoffs
WSH,Washington Nationals,2022,28.8,126672438,58988509,40679307,25629924,1374698,55,107,No Playoffs
LAA,Los Angeles Angels,2022,27.7,177727811,118104253,6978028,49768044,2877486,73,89,No Playoffs
LAD,Los Angeles Dodgers,2022,29.5,270381426,231003922,28920266,5332866,1256241,111,51,Division Winner
CHW,Chicago White Sox,2022,29.6,203205326,154697729,20008123,25306501,3192973,81,81,No Playoffs
SD,San Diego Padres,2022,29.2,224511694,173934032,10925000,34528348,921017,89,73,Wildcard
NYY,New York Yankees,2022,29.6,252957200,214676803,25203665,12115094,961638,99,63,Division Winner
NYM,New York Mets,2022,30.1,264342506,222412889,4155954,28130999,992664,101,61,Wildcard
BOS,Boston Red Sox,2022,28.8,211812131,109769156,50192677,48696520,3153778,78,84,No Playoffs
PHI,Philadelphia Phillies,2022,28.3,244484097,158569333,11897332,30945214,9883756,87,75,Wildcard
CLE,Cleveland Guardians,2021,26.6,50670534,35682311,1367760,11873544,1470889,80,82,No Playoffs
TB,Tampa Bay Rays,2021,28.1,70104552,44288651,18352159,6218025,1245717,100,62,Division Winner
BAL,Baltimore Orioles,2021,26.8,42421870,13838690,7682535,19045619,1855026,52,110,No Playoffs
MIA,Miami Marlins,2021,27.1,58088180,16304223,15489077,23940904,2353976,67,95,No Playoffs
PIT,Pittsburgh Pirates,2021,26.8,54356609,17797841,7847255,19989602,971911,61,101,No Playoffs
SEA,Seattle Mariners,2021,27.4,83822113,57010274,16037933,8004079,2199327,90,72,No Playoffs
OAK,Oakland Athletics,2021,30,89767668,51210210,34397095,2500111,1079752,86,76,No Playoffs
MIL,Milwaukee Brewers,2021,28.9,99377415,79937621,3109474,10266654,6217716,95,67,Division Winner
DET,Detroit Tigers,2021,27.5,83698945,61408153,13503703,8352752,434337,77,85,No Playoffs
KC,Kansas City Royals,2021,27.4,91595545,52514932,15758956,21740784,1580873,74,88,No Playoffs
CHW,Chicago White Sox,2021,28,140406825,125829369,3193240,10099143,1285073,93,69,Division Winner
CIN,Cincinnati Reds,2021,28,126587447,85325437,35531500,4226409,1504101,83,79,No Playoffs
COL,Colorado Rockies,2021,27.7,116208966,79695422,5931272,19571956,3010316,74,87,No Playoffs
TEX,Texas Rangers,2021,27,95788819,24843032,7899375,58916700,4129712,60,102,No Playoffs
SF,San Francisco Giants,2021,29.6,171191545,134386796,19766740,12958219,4079790,107,55,Division Winner
TOR,Toronto Blue Jays,2021,28.2,150140253,109902749,8853529,28315121,3068854,91,71,No Playoffs
MIN,Minnesota Twins,2021,28.5,121417939,84942828,13198044,19934219,3342848,73,89,No Playoffs
STL,St. Louis Cardinals,2021,29.5,151469994,116018560,14512682,19759129,1179623,90,72,Wildcard
ATL,Atlanta Braves,2021,28.2,151393755,115354620,3301950,17735468,1596717,88,73,Division Winner
ARI,Arizona Diamondbacks,2021,27.5,91632929,54229878,8694478,25868212,2840361,52,110,No Playoffs
CHC,Chicago Cubs,2021,28,144037170,33340389,38534396,71494409,667976,71,91,No Playoffs
BOS,Boston Red Sox,2021,29.1,186718068,141452731,2832729,41374493,1058115,92,70,Wildcard
HOU,Houston Astros,2021,28.7,194222042,146877726,39870546,4134205,3339565,95,67,Division Winner
NYY,New York Yankees,2021,28.9,203311013,141518753,48217362,12129712,1445186,92,70,Wildcard
WSH,Washington Nationals,2021,28.4,144415187,50076145,34877122,57061332,2400588,65,97,No Playoffs
SD,San Diego Padres,2021,29.1,179767346,125977584,49745500,2549590,1494672,79,83,No Playoffs
PHI,Philadelphia Phillies,2021,28.2,190513223,141014046,19936225,13803916,5759036,82,80,No Playoffs
LAA,Los Angeles Angels,2021,28.7,182749560,33967088,100777679,46663119,1341674,77,85,No Playoffs
LAD,Los Angeles Dodgers,2021,28.9,265343390,174661542,37823684,6150521,15374310,106,56,Wildcard
NYM,New York Mets,2021,29.6,201189189,176565754,11933570,9524946,3735419,77,85,No Playoffs
TB,Tampa Bay Rays,2020,27.9,28290689,21769463,1958020,2086951,2476255,40,20,Division Winner
BAL,Baltimore Orioles,2020,27,23478635,10252278,11102531,1264595,562935,25,35,No Playoffs
OAK,Oakland Athletics,2020,29.3,36720178,35283875,902038,113148,421117,36,24,Division Winner
MIA,Miami Marlins,2020,28.2,33901920,17388599,2897429,12335262,1280630,31,29,Wildcard
CLE,Cleveland Guardians,2020,27.8,39299107,34471070,209630,3269241,1139981,35,25,Wildcard
PIT,Pittsburgh Pirates,2020,27.4,25343022,12738842,8467312,2437508,199360,19,41,No Playoffs
KC,Kansas City Royals,2020,26.9,34934696,25320148,7094043,1464114,1056391,26,34,No Playoffs
MIL,Milwaukee Brewers,2020,27.9,41434086,28464819,1203704,4484938,1354699,29,31,No Playoffs
CHW,Chicago White Sox,2020,27.3,53665251,43034329,1819815,7812642,789761,35,25,Wildcard
MIN,Minnesota Twins,2020,29.5,59679689,49057558,6876058,7313300,840180,36,24,Division Winner
TOR,Toronto Blue Jays,2020,27.6,54237801,33467052,5114444,14667030,778905,32,28,No Playoffs
ATL,Atlanta Braves,2020,29.1,60552671,50458292,7255497,1000284,838598,35,25,Division Winner
CIN,Cincinnati Reds,2020,28.4,55147001,51854326,658696,1922138,711841,31,29,No Playoffs
SEA,Seattle Mariners,2020,26.8,50563459,25865136,3268960,30708712,165095,27,33,No Playoffs
DET,Detroit Tigers,2020,26.7,43164880,29636694,6108631,6488226,931329,23,35,No Playoffs
SD,San Diego Padres,2020,28.4,72861614,54293958,3531020,14471215,565421,37,23,Wildcard
STL,St. Louis Cardinals,2020,28,73246343,51757860,12343763,12000000,1087757,30,28,No Playoffs
CHC,Chicago Cubs,2020,28.8,86012838,66116504,6448626,12464463,983245,34,26,Division Winner
SF,San Francisco Giants,2020,29,73408817,40562214,1428006,13996618,8718276,29,31,No Playoffs
TEX,Texas Rangers,2020,26.8,56098581,23101258,16905177,15338320,505066,22,38,No Playoffs
LAA,Los Angeles Angels,2020,28,67040893,56821306,509650,4356290,596339,26,34,No Playoffs
COL,Colorado Rockies,2020,28.4,67808533,23940328,17205744,30851852,958757,26,34,No Playoffs
ARI,Arizona Diamondbacks,2020,28.1,65598752,20283697,1589593,40016446,500312,25,35,No Playoffs
PHI,Philadelphia Phillies,2020,28.3,73543547,57105401,13236891,2662073,539182,28,32,No Playoffs
HOU,Houston Astros,2020,27.8,82655105,61406160,18763334,250000,754130,29,31,Wildcard
WSH,Washington Nationals,2020,29.5,74697333,45664863,20500582,7137096,98495,26,34,No Playoffs
LAD,Los Angeles Dodgers,2020,28,124719080,94165961,493889,16917530,7007070,43,17,Division Winner
NYM,New York Mets,2020,29.3,81945598,46360406,15399881,18418790,373486,26,34,No Playoffs
NYY,New York Yankees,2020,29,111939081,77215694,9920725,23982977,819685,33,27,Wildcard
BOS,Boston Red Sox,2020,27.6,84210390,36071047,16644224,15553004,15719893,24,36,No Playoffs
TB,Tampa Bay Rays,2019,27.3,64178722,54345374,644520,9084388,104440,96,66,Wildcard
OAK,Oakland Athletics,2019,28.5,98644531,83509128,622664,13870505,642234,97,65,Wildcard
PIT,Pittsburgh Pirates,2019,26.8,72176474,27674108,19571272,20053143,377951,69,93,No Playoffs
CLE,Cleveland Guardians,2019,27.6,106838693,83738008,6588308,16165338,347039,93,69,No Playoffs
MIN,Minnesota Twins,2019,27.3,125256003,96059595,1773872,19156231,266305,101,61,Division Winner
CHW,Chicago White Sox,2019,27.5,91371201,67330431,10267750,13080697,692323,72,89,No Playoffs
MIA,Miami Marlins,2019,27.4,75596271,66602760,3001903,4968020,1023588,57,105,No Playoffs
BAL,Baltimore Orioles,2019,26.5,73328658,52804601,9822272,8886476,1815309,54,108,No Playoffs
ARI,Arizona Diamondbacks,2019,27.5,118672377,65040742,11699600,26307583,15624452,85,77,No Playoffs
SD,San Diego Padres,2019,25.6,103699790,65446794,10746013,25368956,2138027,70,92,No Playoffs
ATL,Atlanta Braves,2019,28.7,143947963,117758736,8328689,17791906,68632,97,65,Division Winner
MIL,Milwaukee Brewers,2019,28.2,135889019,107189797,8283400,20248718,167104,89,73,Wildcard
HOU,Houston Astros,2019,28.5,167138259,153370215,11713065,1777467,277512,107,55,Division Winner
TEX,Texas Rangers,2019,26.1,127538766,64904339,26592526,31252401,4789500,78,84,No Playoffs
TOR,Toronto Blue Jays,2019,25.5,111086139,36637976,8512071,65351162,584930,67,95,No Playoffs
NYM,New York Mets,2019,28.1,146538234,104490573,16519542,25220967,307152,86,76,No Playoffs
CIN,Cincinnati Reds,2019,27.2,128691569,84680306,580000,43074191,357072,75,87,No Playoffs
KC,Kansas City Royals,2019,26.2,103973003,68625332,11895598,23207385,244688,59,103,No Playoffs
WSH,Washington Nationals,2019,29.4,172307808,155857858,1369684,14062625,1017641,93,69,Wildcard
STL,St. Louis Cardinals,2019,27.3,173544423,135268456,21794083,16427751,54133,91,71,Division Winner
LAD,Los Angeles Dodgers,2019,28.3,207000814,157394622,1341835,41972880,5736477,106,56,Division Winner
PHI,Philadelphia Phillies,2019,27.5,158976752,82703582,67270903,3500513,151754,81,81,No Playoffs
SEA,Seattle Mariners,2019,26.9,144388309,84703863,5638913,51230092,1015441,68,94,No Playoffs
NYY,New York Yankees,2019,28.6,223019037,171935047,42325463,7772219,408808,103,59,Division Winner
COL,Colorado Rockies,2019,27.3,155403513,120506596,12420904,17868240,4607773,71,91,No Playoffs
LAA,Los Angeles Angels,2019,27.2,157999465,118016581,15868930,23964754,149200,72,90,No Playoffs
SF,San Francisco Giants,2019,27.8,178054110,137019224,9768564,31241902,24420,77,85,No Playoffs
DET,Detroit Tigers,2019,26.8,114631137,72709746,14738806,26148511,1034074,47,114,No Playoffs
CHC,Chicago Cubs,2019,28.7,221580085,197673216,11093615,8275227,4538027,84,78,No Playoffs
BOS,Boston Red Sox,2019,28.1,229166880,165856221,37583783,25887800,394076,84,78,No Playoffs
TB,Tampa Bay Rays,2018,26.5,68810167,25668988,2213706,35944023,4983450,90,72,No Playoffs
OAK,Oakland Athletics,2018,28.9,77673582,61525657,4972604,10118631,1056690,97,65,Wildcard
PIT,Pittsburgh Pirates,2018,26.7,91025861,67576415,4670500,17492114,1286832,82,79,No Playoffs
MIL,Milwaukee Brewers,2018,28.6,108982016,87588839,7321500,11383150,388527,96,67,Division Winner
CHW,Chicago White Sox,2018,26.8,71839808,54911542,5920130,7681442,976694,62,100,No Playoffs
PHI,Philadelphia Phillies,2018,27,104297471,97016347,-,6936684,344440,80,82,No Playoffs
ATL,Atlanta Braves,2018,27.1,129739447,73767565,13299094,42392955,279833,90,72,Division Winner
MIA,Miami Marlins,2018,26.5,91665500,43033514,15407490,31020460,2204036,63,98,No Playoffs
MIN,Minnesota Twins,2018,27.1,115509520,56254373,29213890,29264527,776730,78,84,No Playoffs
CIN,Cincinnati Reds,2018,26.7,100305768,82511299,1344890,15242487,1207092,67,95,No Playoffs
SD,San Diego Padres,2018,26,101760815,50099477,5702300,44479430,934608,66,96,No Playoffs
CLE,Cleveland Guardians,2018,29.6,142604703,123470545,12836166,5222548,1075444,91,71,Division Winner
COL,Colorado Rockies,2018,28.3,143968544,131213168,7545000,4442400,767976,91,72,Wildcard
HOU,Houston Astros,2018,28.1,163724216,158720510,556400,4027264,420042,103,59,Division Winner
ARI,Arizona Diamondbacks,2018,28.9,141724597,107901628,14124025,5630585,14068359,82,80,No Playoffs
TEX,Texas Rangers,2018,27.3,120525018,76139016,6683451,36936251,766300,67,95,No Playoffs
SEA,Seattle Mariners,2018,29.4,160243827,136839663,13496812,9361340,546012,89,73,No Playoffs
NYY,New York Yankees,2018,27.5,180098151,148010829,22568376,9249414,269532,100,62,Wildcard
STL,St. Louis Cardinals,2018,26.8,162334311,113741329,27345600,20907798,339584,88,74,No Playoffs
NYM,New York Mets,2018,27.9,150187987,82655203,49831436,15314261,595087,77,85,No Playoffs
CHC,Chicago Cubs,2018,28.8,194259933,152092957,37451220,1216894,298862,95,68,Wildcard
DET,Detroit Tigers,2018,27.5,130995349,67047516,37720870,24437359,1789604,64,98,No Playoffs
TOR,Toronto Blue Jays,2018,26.8,150946147,81293347,20481474,48740616,430710,73,89,No Playoffs
BOS,Boston Red Sox,2018,28.6,227398860,167955780,18074000,41755860,158220,108,54,Division Winner
LAD,Los Angeles Dodgers,2018,28.8,199582045,160502596,3908850,30541679,4628920,92,71,Division Winner
LAA,Los Angeles Angels,2018,27.5,173717599,91914083,57532566,24127380,143570,80,82,No Playoffs
WSH,Washington Nationals,2018,27.6,181382609,130197979,8999485,41161720,1023425,82,80,No Playoffs
KC,Kansas City Royals,2018,26.7,129944821,83618228,7189167,37811905,1325521,58,104,No Playoffs
BAL,Baltimore Orioles,2018,26.2,130413607,69637987,12650000,43550980,1574640,47,115,No Playoffs
SF,San Francisco Giants,2018,28.4,205665348,119689218,64341827,21136053,498250,73,89,No Playoffs
MIL,Milwaukee Brewers,2017,28,64576736,57578930,547000,6033614,417192,86,76,No Playoffs
TB,Tampa Bay Rays,2017,27.9,77811205,59818694,6867218,7098455,382917,80,82,No Playoffs
OAK,Oakland Athletics,2017,27.2,73477080,26723817,1437784,39189018,1126461,75,87,No Playoffs
SD,San Diego Padres,2017,26.5,76921678,23930424,5182750,42793983,5014521,71,91,No Playoffs
ARI,Arizona Diamondbacks,2017,28.3,102619475,81644775,19379200,1572116,23384,93,69,Wildcard
CHW,Chicago White Sox,2017,26.3,85495238,32540383,7571000,44858846,525009,67,95,No Playoffs
CLE,Cleveland Guardians,2017,27.9,132258928,116072319,6129713,10007205,49691,102,60,Division Winner
PIT,Pittsburgh Pirates,2017,27.7,100503030,66496313,16750000,14381028,125689,75,87,No Playoffs
HOU,Houston Astros,2017,28.1,138344211,128445916,835843,3284838,2052614,101,61,Division Winner
CIN,Cincinnati Reds,2017,25.7,96436003,64567947,16021450,15403006,443600,68,94,No Playoffs
MIN,Minnesota Twins,2017,27.8,120842831,75616449,22830000,19497309,2899073,85,77,Wildcard
MIA,Miami Marlins,2017,28.9,110765599,72360311,21441206,13782819,3181263,77,85,No Playoffs
ATL,Atlanta Braves,2017,27.5,105268575,81963434,1997766,21037983,269392,72,90,No Playoffs
PHI,Philadelphia Phillies,2017,25.7,104020808,28213540,16578578,58889622,339068,66,96,No Playoffs
COL,Colorado Rockies,2017,27.3,139499341,108379084,-,30443391,676866,87,75,Wildcard
STL,St. Louis Cardinals,2017,27.1,145256085,104261954,6935000,29772125,587006,83,79,No Playoffs
TEX,Texas Rangers,2017,28.1,141966320,106415185,1074360,33856996,619779,78,84,No Playoffs
KC,Kansas City Royals,2017,28.3,148227822,120678691,1046749,19965515,1536867,80,82,No Playoffs
CHC,Chicago Cubs,2017,28.4,172092536,161127834,-,10748400,216302,92,70,Division Winner
WSH,Washington Nationals,2017,29.1,182238854,164539852,11351707,5952690,394605,97,65,Division Winner
NYM,New York Mets,2017,26.6,143315158,48736470,44924726,49595502,58460,70,92,No Playoffs
SEA,Seattle Mariners,2017,28.4,160741810,120728483,29449738,9229977,1333612,78,84,No Playoffs
LAA,Los Angeles Angels,2017,28.9,166161209,114610825,16095730,34823286,631368,80,82,No Playoffs
BOS,Boston Red Sox,2017,28.1,209872508,172158546,5941108,30597474,1175380,93,69,Division Winner
NYY,New York Yankees,2017,27.4,209044502,161826896,7867680,36170687,179239,91,71,Wildcard
TOR,Toronto Blue Jays,2017,28.9,175617487,127315534,22811106,21914802,3576045,76,86,No Playoffs
BAL,Baltimore Orioles,2017,27.9,174129785,163560704,-,7267168,3301913,75,87,No Playoffs
LAD,Los Angeles Dodgers,2017,28.4,259311393,182501228,22654516,41492656,10735130,104,58,Division Winner
DET,Detroit Tigers,2017,27.1,188028874,91135320,18000000,77874916,1018638,64,98,No Playoffs
SF,San Francisco Giants,2017,28.1,188406809,171792784,7219058,6354972,3039995,64,98,No Playoffs
MIL,Milwaukee Brewers,2016,27.1,62161191,49464613,2517700,8299097,1879781,73,89,No Playoffs
TB,Tampa Bay Rays,2016,27.4,62408549,36226000,5226100,20177348,779101,68,94,No Playoffs
MIA,Miami Marlins,2016,28,76365306,60842038,3300000,10032559,2190709,79,82,No Playoffs
CLE,Cleveland Guardians,2016,28.1,104971268,61284062,11875000,30765065,47141,94,67,Division Winner
HOU,Houston Astros,2016,26.8,99828742,75441606,6968124,15955584,2113693,84,78,No Playoffs
OAK,Oakland Athletics,2016,26.7,83109288,28084351,19754414,35098597,171926,69,93,No Playoffs
SD,San Diego Padres,2016,27.2,83435559,21508794,13711664,48181815,33286,68,94,No Playoffs
PIT,Pittsburgh Pirates,2016,28,99518136,57311465,10861276,31267751,77644,78,83,No Playoffs
CIN,Cincinnati Reds,2016,27,87226437,63783665,11856070,10862757,723945,68,94,No Playoffs
ATL,Atlanta Braves,2016,26.6,96019377,46917344,8116832,41248677,244024,68,93,No Playoffs
ARI,Arizona Diamondbacks,2016,26,97874482,78823003,1051200,17455091,545188,69,93,No Playoffs
COL,Colorado Rockies,2016,27.4,106902280,88354041,1289832,16710362,548045,75,87,No Playoffs
PHI,Philadelphia Phillies,2016,26.8,103898809,53797706,22025303,21909132,6166668,71,91,No Playoffs
WSH,Washington Nationals,2016,28.5,139583852,119416458,5869400,14207786,90208,95,67,Division Winner
TEX,Texas Rangers,2016,27.5,143021690,114724626,21458018,6652924,186122,95,67,Division Winner
MIN,Minnesota Twins,2016,27,97244457,66477950,24241532,3663294,2861681,59,103,No Playoffs
CHW,Chicago White Sox,2016,27,129715686,88724466,12024268,28966952,-,78,84,No Playoffs
TOR,Toronto Blue Jays,2016,29.7,148385479,134332539,1000000,12644767,565489,89,73,Wildcard
NYM,New York Mets,2016,28.1,147744060,101803832,39822605,6117623,-,87,75,Wildcard
SEA,Seattle Mariners,2016,28.6,147003780,132303221,4036934,9931590,732035,86,76,No Playoffs
BAL,Baltimore Orioles,2016,28.5,154148832,148307663,2650245,2773173,417751,89,73,Wildcard
STL,St. Louis Cardinals,2016,27.9,149355870,132790389,13596500,2968981,-,86,76,No Playoffs
KC,Kansas City Royals,2016,28.3,141587358,106349212,20825000,14210664,202482,81,81,No Playoffs
CHC,Chicago Cubs,2016,28.4,186772494,165798832,2050500,17412586,1510576,103,58,Division Winner
SF,San Francisco Giants,2016,29.2,178834344,176684532,487120,1082965,579729,87,75,Wildcard
BOS,Boston Red Sox,2016,28.5,207758836,165121274,19567513,2194948,20875101,93,69,Division Winner
DET,Detroit Tigers,2016,28.2,200179285,163019728,28189200,8675064,295293,86,75,No Playoffs
LAA,Los Angeles Angels,2016,27.7,174290373,89811509,39667205,42327190,2484469,74,88,No Playoffs
NYY,New York Yankees,2016,27.6,220743376,159213515,10509409,50238466,781986,84,78,No Playoffs
LAD,Los Angeles Dodgers,2016,28.5,264470494,193881011,13288890,52652847,4647746,91,71,Division Winner
TB,Tampa Bay Rays,2015,27.1,73241552,52092948,8440963,12164597,543044,80,82,No Playoffs
HOU,Houston Astros,2015,27.6,81341546,64818398,11040900,3150680,2331568,86,76,Wildcard
CLE,Cleveland Guardians,2015,27.1,77404413,45520977,680720,29817050,1385666,81,80,No Playoffs
ARI,Arizona Diamondbacks,2015,26,76781801,45142733,1026500,30465028,147540,79,83,No Playoffs
PIT,Pittsburgh Pirates,2015,28.8,99435606,78904030,14318868,2759768,452940,98,64,Wildcard
MIA,Miami Marlins,2015,27.1,72990525,28171144,15751830,19528890,138661,71,91,No Playoffs
OAK,Oakland Athletics,2015,27.9,80491339,42311467,8772896,29168581,238395,68,94,No Playoffs
NYM,New York Mets,2015,28.3,110398927,103930260,5551249,129200,476251,90,72,Division Winner
MIN,Minnesota Twins,2015,28.1,106231818,101448147,2070081,2200000,513590,83,79,No Playoffs
STL,St. Louis Cardinals,2015,28.4,132178951,128814787,3195000,-,169164,100,62,Division Winner
KC,Kansas City Royals,2015,28.8,126529835,111740891,10483450,4047582,257912,95,67,Division Winner
CHC,Chicago Cubs,2015,28.3,132993810,106652384,1000000,23656617,1684809,97,65,Wildcard
MIL,Milwaukee Brewers,2015,26.5,93852267,58772714,1020000,33510458,549095,68,94,No Playoffs
BAL,Baltimore Orioles,2015,27.5,116400870,97083315,1245000,17776584,295971,81,81,No Playoffs
SD,San Diego Padres,2015,27.6,107915272,93212255,11029819,3267222,405976,74,88,No Playoffs
TOR,Toronto Blue Jays,2015,29.4,138309664,106426104,6382500,25214964,286096,93,69,Division Winner
COL,Colorado Rockies,2015,27.1,101277051,74930648,6103870,19940868,301665,68,94,No Playoffs
TEX,Texas Rangers,2015,27.6,135285607,111715876,13135760,10018970,415001,88,74,Division Winner
CHW,Chicago White Sox,2015,27.4,116925487,94365735,507500,9052252,-,76,86,No Playoffs
ATL,Atlanta Braves,2015,26.7,110913266,55097676,11263899,44307649,244042,67,95,No Playoffs
SEA,Seattle Mariners,2015,27.5,126045473,95874782,1383169,25921321,2866201,76,86,No Playoffs
LAA,Los Angeles Angels,2015,28,142198162,106512083,19015000,16043722,627357,85,77,No Playoffs
CIN,Cincinnati Reds,2015,27.4,112333097,68445559,22890777,20832787,163974,64,98,No Playoffs
WSH,Washington Nationals,2015,28,165655095,146009803,17556549,2000000,88743,83,79,No Playoffs
SF,San Francisco Giants,2015,29.4,180163630,133109385,38423837,7522089,1108319,84,78,No Playoffs
DET,Detroit Tigers,2015,27.4,162160921,109879336,27072978,25208607,-,74,87,No Playoffs
PHI,Philadelphia Phillies,2015,27.4,141722639,52800331,33290177,51719664,3912467,63,99,No Playoffs
BOS,Boston Red Sox,2015,27.2,183481478,95030446,42985571,45443277,22184,78,84,No Playoffs
NYY,New York Yankees,2015,27.6,221242659,187465727,24415379,8459561,394492,87,75,Wildcard
LAD,Los Angeles Dodgers,2015,28.4,301735080,202137688,20914084,68164195,10519113,92,70,Division Winner
MIA,Miami Marlins,2014,26.8,50559679,42496784,-,7939616,123279,77,85,No Playoffs
HOU,Houston Astros,2014,26.7,51679490,45231726,-,6051590,396174,70,92,No Playoffs
PIT,Pittsburgh Pirates,2014,27.6,76802804,69388939,-,7320970,92895,88,74,Wildcard
CLE,Cleveland Guardians,2014,27.7,84481929,60720646,-,23415930,345353,85,77,No Playoffs
TB,Tampa Bay Rays,2014,28,76821046,63704707,-,13116339,-,77,85,No Playoffs
OAK,Oakland Athletics,2014,29.1,91638412,65864461,-,22605236,3168715,88,74,Wildcard
KC,Kansas City Royals,2014,28.7,96603300,90536848,-,4686452,1380000,89,73,Wildcard
SD,San Diego Padres,2014,27.6,85001967,67296350,501400,16594743,609474,77,85,No Playoffs
BAL,Baltimore Orioles,2014,28,113562943,108470318,-,2282926,2809699,96,66,Division Winner
NYM,New York Mets,2014,27.5,94478037,74021346,-,19290982,1165709,79,83,No Playoffs
CHW,Chicago White Sox,2014,26.9,89297302,60305897,-,28411749,579656,73,89,No Playoffs
CHC,Chicago Cubs,2014,26.7,90364741,54429470,-,34683034,1252237,73,89,No Playoffs
MIN,Minnesota Twins,2014,27,87494478,72140448,-,15337637,16393,70,92,No Playoffs
MIL,Milwaukee Brewers,2014,28.3,108777046,108174589,-,520491,81966,82,80,No Playoffs
SEA,Seattle Mariners,2014,27.5,115534174,100330060,-,12504114,1700000,87,75,No Playoffs
STL,St. Louis Cardinals,2014,27.5,121340470,114640584,-,5699886,1000000,90,72,Division Winner
COL,Colorado Rockies,2014,27.8,96772365,96456583,-,202995,112787,66,96,No Playoffs
ATL,Atlanta Braves,2014,27,116865707,102713304,-,14100492,51911,79,83,No Playoffs
CIN,Cincinnati Reds,2014,27.9,113351318,99729931,5500000,6890711,1744338,76,86,No Playoffs
WSH,Washington Nationals,2014,28.3,143278577,142964370,-,136612,177595,96,66,Division Winner
ARI,Arizona Diamondbacks,2014,26.9,106343190,67825588,9500000,28134272,333330,64,98,No Playoffs
LAA,Los Angeles Angels,2014,28.6,165244781,132293502,-,32051279,900000,98,64,Division Winner
TOR,Toronto Blue Jays,2014,28,141812172,122125961,3000000,5186211,11500000,83,79,No Playoffs
SF,San Francisco Giants,2014,28.8,160336782,152735333,-,7501449,100000,88,74,Wildcard
TEX,Texas Rangers,2014,26.8,124805583,116811403,-,7994180,-,67,95,No Playoffs
DET,Detroit Tigers,2014,27.8,172143106,148590789,15800000,7255247,497070,90,72,Division Winner
BOS,Boston Red Sox,2014,27.7,170095758,95417971,-,61397733,30054,71,91,No Playoffs
PHI,Philadelphia Phillies,2014,29.1,175061605,145123014,25000000,4263731,674860,73,89,No Playoffs
NYY,New York Yankees,2014,29.5,212512317,196734750,-,15663048,114519,84,78,No Playoffs
LAD,Los Angeles Dodgers,2014,28.9,241557818,235557818,-,3000000,3000000,94,68,Division Winner
HOU,Houston Astros,2013,25.3,28727913,12078450,-,15562961,1086502,51,111,No Playoffs
MIA,Miami Marlins,2013,26.3,36209554,27969339,-,6896666,543549,62,100,No Playoffs
OAK,Oakland Athletics,2013,28,67055517,65065572,-,1984590,5355,96,66,Division Winner
PIT,Pittsburgh Pirates,2013,28.2,71480984,67762905,-,832370,2885709,94,68,Wildcard
TB,Tampa Bay Rays,2013,29.1,72600703,70029393,270436,2250000,50874,92,71,Wildcard
SD,San Diego Padres,2013,27.5,67649701,64220894,-,3238561,190246,76,86,No Playoffs
KC,Kansas City Royals,2013,28.2,84398434,76594673,-,6399663,1404098,86,76,No Playoffs
ATL,Atlanta Braves,2013,27.7,94947950,94401592,-,202972,343386,96,66,Division Winner
CLE,Cleveland Guardians,2013,28.1,93008897,78454465,602603,13914068,37761,92,70,Wildcard
COL,Colorado Rockies,2013,27.9,76741788,73766018,-,1459705,1516065,74,88,No Playoffs
ARI,Arizona Diamondbacks,2013,28.2,88316478,78126043,-,9916749,273686,81,81,No Playoffs
CIN,Cincinnati Reds,2013,28.3,103804640,97930597,4500000,-,1374043,90,72,Wildcard
SEA,Seattle Mariners,2013,26.8,82720022,63758496,-,18717866,243660,71,91,No Playoffs
BAL,Baltimore Orioles,2013,27.6,100430869,97466019,-,1222009,42841,85,77,No Playoffs
MIL,Milwaukee Brewers,2013,27.5,88221045,70615690,-,7818853,286502,74,88,No Playoffs
MIN,Minnesota Twins,2013,27.2,81300970,58450017,-,17083194,5767759,66,96,No Playoffs
STL,St. Louis Cardinals,2013,27.8,120192638,114729933,-,5406476,56229,97,65,Division Winner
WSH,Washington Nationals,2013,26.9,116584094,107973970,491000,6025410,2093714,86,76,No Playoffs
NYM,New York Mets,2013,28,101300814,70361236,500625,29697743,741210,74,88,No Playoffs
TEX,Texas Rangers,2013,28.5,137937146,124162497,465901,13104000,204748,91,72,No Playoffs
CHC,Chicago Cubs,2013,26.8,103152899,55657243,2263715,40905330,4326611,66,96,No Playoffs
DET,Detroit Tigers,2013,28.4,157332966,151033294,494000,5805672,-,93,69,Division Winner
BOS,Boston Red Sox,2013,28.9,172084264,167018895,-,5340903,96393,97,65,Division Winner
CHW,Chicago White Sox,2013,26.9,111777595,82929539,-,28663303,184753,63,99,No Playoffs
TOR,Toronto Blue Jays,2013,29.3,131771168,118289792,-,5613565,7867811,74,88,No Playoffs
LAA,Los Angeles Angels,2013,27.7,141542644,117426989,-,23845171,270484,78,84,No Playoffs
SF,San Francisco Giants,2013,28.4,140280186,137880980,-,2157977,241229,76,86,No Playoffs
PHI,Philadelphia Phillies,2013,28.8,163536898,154262761,765791,8307527,200819,73,89,No Playoffs
LAD,Los Angeles Dodgers,2013,29.1,236694375,207849759,-,22547116,6297500,92,70,Division Winner
NYY,New York Yankees,2013,29.8,234518126,221782587,-,10760350,1975189,85,77,No Playoffs
OAK,Oakland Athletics,2012,27.2,60470192,56608334,-,3861858,-,94,68,Division Winner
TB,Tampa Bay Rays,2012,28.6,68144135,67844135,-,300000,-,90,72,No Playoffs
PIT,Pittsburgh Pirates,2012,28.2,61118682,57932479,-,3186203,-,79,83,No Playoffs
SD,San Diego Padres,2012,27.5,63831125,60053625,-,2550000,1227500,76,86,No Playoffs
BAL,Baltimore Orioles,2012,27,82932168,80099381,-,2832787,-,93,69,Wildcard
CIN,Cincinnati Reds,2012,27.8,89901498,89101498,-,-,800000,97,65,Division Winner
KC,Kansas City Royals,2012,26.4,70344235,66385000,-,2579235,1380000,72,90,No Playoffs
HOU,Houston Astros,2012,26.1,54547239,23728500,-,30818739,-,55,107,No Playoffs
ARI,Arizona Diamondbacks,2012,28.6,80711013,74074400,-,6636613,-,81,81,No Playoffs
WSH,Washington Nationals,2012,27.2,98044359,95623594,-,420765,2000000,98,64,Division Winner
ATL,Atlanta Braves,2012,28.4,97928056,86492616,-,11435440,-,94,68,Wildcard
SEA,Seattle Mariners,2012,26.7,84289928,73071348,-,11218580,-,75,87,No Playoffs
CLE,Cleveland Guardians,2012,27.2,76577243,70583254,-,5993989,-,68,94,No Playoffs
CHW,Chicago White Sox,2012,27.9,108841055,108119744,-,721311,-,85,77,No Playoffs
TOR,Toronto Blue Jays,2012,28.2,95551627,89817658,-,5083969,650000,73,89,No Playoffs
MIL,Milwaukee Brewers,2012,27.7,113095795,110652079,-,2443716,-,83,79,No Playoffs
LAD,Los Angeles Dodgers,2012,29,117202717,112952717,-,4250000,-,86,76,No Playoffs
COL,Colorado Rockies,2012,27.2,87232529,76398104,-,10834425,-,64,98,No Playoffs
STL,St. Louis Cardinals,2012,28,119957765,118482081,-,1475684,-,88,74,Wildcard
NYM,New York Mets,2012,27.4,104988166,101049642,-,3938524,-,74,88,No Playoffs
MIA,Miami Marlins,2012,27.3,98120191,80745905,-,17249970,124316,69,93,No Playoffs
SF,San Francisco Giants,2012,29,137043205,122345338,-,14697867,-,94,68,Division Winner
TEX,Texas Rangers,2012,27.4,138312903,135062903,-,3250000,-,93,69,Wildcard
DET,Detroit Tigers,2012,27.2,143782286,138282286,-,5500000,-,88,74,Division Winner
MIN,Minnesota Twins,2012,27.6,107939507,107939507,-,-,-,66,96,No Playoffs
LAA,Los Angeles Angels,2012,28.4,157168625,153844690,-,3323935,-,89,73,No Playoffs
CHC,Chicago Cubs,2012,26.4,115861526,83319366,-,32542160,-,61,101,No Playoffs
PHI,Philadelphia Phillies,2012,29.5,177862491,167544458,-,10318033,-,81,81,No Playoffs
NYY,New York Yankees,2012,30.4,225589742,213651218,-,11938524,-,95,67,Division Winner
BOS,Boston Red Sox,2012,28.5,173216551,166392780,-,6823771,-,69,93,No Playoffs
TB,Tampa Bay Rays,2011,27.7,45386925,45386925,-,-,-,91,71,Wildcard
PIT,Pittsburgh Pirates,2011,26.9,47976645,46168585,-,1808060,-,72,90,No Playoffs
SD,San Diego Padres,2011,27.9,48018810,47418810,-,600000,-,71,91,No Playoffs
ARI,Arizona Diamondbacks,2011,28.5,64297970,56498519,-,6899451,900000,94,68,Division Winner
CLE,Cleveland Guardians,2011,27.4,55960593,55960593,-,-,-,80,82,No Playoffs
KC,Kansas City Royals,2011,26.1,52486804,38687131,-,12419673,1380000,71,91,No Playoffs
MIA,Miami Marlins,2011,27.2,65006851,63006851,-,2000000,-,72,90,No Playoffs
TOR,Toronto Blue Jays,2011,26.2,73491604,56304461,-,17187143,-,81,81,No Playoffs
WSH,Washington Nationals,2011,27.4,74574723,72574723,-,-,2000000,80,81,No Playoffs
MIL,Milwaukee Brewers,2011,28.5,92277138,91777138,-,500000,-,96,66,Division Winner
OAK,Oakland Athletics,2011,27.3,75241048,68725475,-,6515573,-,74,88,No Playoffs
CIN,Cincinnati Reds,2011,27.8,81920546,79612874,-,2307672,-,79,83,No Playoffs
TEX,Texas Rangers,2011,28,103326721,98857920,-,4468801,-,96,66,Division Winner
ATL,Atlanta Braves,2011,28.7,98696230,98521630,-,174600,-,89,73,No Playoffs
COL,Colorado Rockies,2011,27.8,82897934,77367736,-,5530198,-,73,89,No Playoffs
DET,Detroit Tigers,2011,27.6,111521015,111271015,-,250000,-,95,67,Division Winner
STL,St. Louis Cardinals,2011,28.3,118919465,115410901,-,2808564,700000,90,72,Wildcard
BAL,Baltimore Orioles,2011,27.7,91751399,91391741,-,-,359658,69,93,No Playoffs
LAD,Los Angeles Dodgers,2011,28.6,115174517,98385517,-,16789000,-,82,79,No Playoffs
SF,San Francisco Giants,2011,29,125242452,124142452,-,1100000,-,86,76,No Playoffs
SEA,Seattle Mariners,2011,26.9,100829148,88307834,-,12521314,-,67,95,No Playoffs
HOU,Houston Astros,2011,27.2,84598388,71121885,-,13476503,-,56,106,No Playoffs
CHW,Chicago White Sox,2011,28.5,127263027,114482025,-,12781002,-,79,83,No Playoffs
PHI,Philadelphia Phillies,2011,29.9,170018182,169849882,-,168300,-,102,60,Division Winner
LAA,Los Angeles Angels,2011,27.7,146648559,133613959,-,13034600,-,86,76,No Playoffs
MIN,Minnesota Twins,2011,27.4,114445627,107337033,-,7108594,-,63,99,No Playoffs
NYM,New York Mets,2011,28.7,142245841,96577418,-,45668423,-,77,85,No Playoffs
BOS,Boston Red Sox,2011,28.9,170490761,162455090,-,8239278,-,90,72,No Playoffs
CHC,Chicago Cubs,2011,28.1,137666584,123941584,-,13725000,-,71,91,No Playoffs
NYY,New York Yankees,2011,29.5,210950685,210950685,-,-,-,97,65,Division Winner
