tm,year,est_payroll,w,l,wins_losses,norm_payroll,payroll_rk,top10_payroll,win_loss_rk,top10_win_loss,rk_proximity,close_rk
ANA,1997,31135472.0,84,78,0.518,-0.6991932992967025,23.0,0,10.0,1,13.0,0
ANA,1998,41791000.0,85,77,0.525,-0.06839804806477592,18.0,0,12.0,0,6.0,0
ANA,1999,55633166.0,70,92,0.432,0.2670567963192722,12.0,0,23.0,0,11.0,0
ANA,2000,52664167.0,82,80,0.506,-0.16590242813818726,18.0,0,15.0,0,3.0,0
ANA,2001,47735167.0,75,87,0.463,-0.721530253729454,22.0,0,20.0,0,2.0,1
ANA,2002,61721667.0,99,63,0.611,-0.2392116493038083,16.0,0,4.0,1,12.0,0
ANA,2003,79031667.0,77,85,0.475,0.28777022258628204,12.0,0,19.0,0,7.0,0
ANA,2004,100534667.0,92,70,0.568,0.9472655308363003,4.0,1,6.0,1,2.0,1
ARI,1998,32347000.0,65,97,0.401,-0.6813446738599394,23.0,0,26.0,0,3.0,0
ARI,1999,68703999.0,100,62,0.617,0.9001645102184618,8.0,1,2.0,1,6.0,0
ARI,2000,81027833.0,85,77,0.525,1.1678520570979303,5.0,1,11.0,0,6.0,0
ARI,2001,85082999.0,92,70,0.568,0.7838339893976376,8.0,1,6.0,1,2.0,1
ARI,2002,102819999.0,98,64,0.605,1.4249543151806698,4.0,1,5.0,1,1.0,1
ARI,2003,80657000.0,84,78,0.518,0.3457312946551636,10.0,1,16.0,0,6.0,0
ARI,2004,69780750.0,51,111,0.315,0.014920229879080864,13.0,0,30.0,0,17.0,0
ARI,2005,62629166.0,77,85,0.475,-0.3025303192016859,17.0,0,20.0,0,3.0,0
ARI,2006,59984226.0,76,86,0.469,-0.553270867360026,23.0,0,22.0,0,1.0,1
ARI,2007,52067546.0,90,72,0.556,-0.8676403233077921,26.0,0,5.0,1,21.0,0
ARI,2008,66202712.0,82,80,0.506,-0.6162479739617538,23.0,0,16.0,0,7.0,0
ARI,2009,75920666.0,70,92,0.432,-0.49539246799139536,22.0,0,24.0,0,2.0,1
ARI,2010,61368166.0,65,97,0.401,-0.7992387303507683,24.0,0,28.0,0,4.0,0
ARI,2011,54823166.0,94,68,0.58,-0.9578166789984881,25.0,0,6.0,1,19.0,0
ARI,2012,67069833.0,81,81,0.5,-0.8381986809650755,25.0,0,16.0,0,9.0,0
ARI,2013,80060500.0,81,81,0.5,-0.46738072572963685,20.0,0,16.0,0,4.0,0
ARI,2014,89926500.0,64,98,0.395,-0.4759774817006636,18.0,0,30.0,0,12.0,0
ARI,2015,76781801.0,79,83,0.488,-1.0478634040961317,28.0,0,18.0,0,10.0,0
ARI,2016,97874482.0,69,93,0.426,-0.7078011489698223,22.0,0,24.0,0,2.0,1
ARI,2017,102619475.0,93,69,0.574,-0.7873806846110818,23.0,0,5.0,1,18.0,0
ARI,2018,141724597.0,82,80,0.506,0.08100480527704126,15.0,0,15.0,0,0.0,1
ARI,2019,118672377.0,85,77,0.525,-0.41679307854393455,19.0,0,13.0,0,6.0,0
ARI,2020,65598752.0,25,35,0.417,0.18241447504231492,14.0,0,25.0,0,11.0,0
ARI,2021,91632929.0,52,110,0.321,-0.7153263577378233,21.0,0,29.0,0,8.0,0
ARI,2022,85293905.0,74,88,0.457,-1.0111133804590506,26.0,0,19.0,0,7.0,0
ARI,2023,116777354.0,84,78,0.519,-0.6515088288911304,20.0,0,12.0,0,8.0,0
ARI,2024,172806829.0,89,73,0.549,0.09083564742982436,13.0,0,8.0,1,5.0,0
ATL,1985,14807000.0,66,96,0.407,1.863931850313389,1.0,1,22.0,0,21.0,0
ATL,1986,17102786.0,72,89,0.447,1.6417456325724704,3.0,1,21.0,0,18.0,0
ATL,1987,17444560.0,69,92,0.429,1.7000393021116007,2.0,1,23.0,0,21.0,0
ATL,1988,13065674.0,54,106,0.338,0.24117725286402922,13.0,0,25.0,0,12.0,0
ATL,1989,11180334.0,63,97,0.394,-0.9874180582079264,21.0,0,25.0,0,4.0,0
ATL,1990,15065501.0,65,97,0.401,-0.68769914950988,20.0,0,26.0,0,6.0,0
ATL,1991,18403500.0,94,68,0.58,-0.7518043933841179,19.0,0,3.0,1,16.0,0
ATL,1992,34625333.0,98,64,0.605,0.39652916807897787,9.0,1,1.0,1,8.0,0
ATL,1993,41641417.0,104,58,0.642,1.015829270685814,4.0,1,1.0,1,3.0,0
ATL,1994,49383513.0,68,46,0.597,1.8984948843962544,1.0,1,3.0,1,2.0,1
ATL,1995,47235445.0,90,54,0.625,1.403101768587962,3.0,1,2.0,1,1.0,1
ATL,1996,49698500.0,96,66,0.593,1.4457341072615282,3.0,1,2.0,1,1.0,1
ATL,1997,52278500.0,101,61,0.624,0.9199326631793793,6.0,1,1.0,1,5.0,0
ATL,1998,61186000.0,106,56,0.654,1.1904011691416192,4.0,1,2.0,1,2.0,1
ATL,1999,73341000.0,103,59,0.636,1.1247654291085016,6.0,1,1.0,1,5.0,0
ATL,2000,84737836.0,95,67,0.586,1.342308812493705,3.0,1,2.0,1,1.0,1
ATL,2001,91936166.0,88,74,0.543,1.0600618720222184,6.0,1,9.0,1,3.0,0
ATL,2002,93470367.0,101,59,0.631,1.0463662168886287,7.0,1,3.0,1,4.0,0
ATL,2003,106243667.0,101,61,0.624,1.2581785593015304,3.0,1,1.0,1,2.0,1
ATL,2004,90182500.0,96,66,0.593,0.6334260203383564,8.0,1,4.0,1,4.0,0
ATL,2005,86457302.0,90,72,0.556,0.3947777057003935,10.0,1,7.0,1,3.0,0
ATL,2006,90156876.0,79,83,0.488,0.377000255994584,9.0,1,17.0,0,8.0,0
ATL,2007,87290833.0,84,78,0.518,0.11118014904033806,15.0,0,13.0,0,2.0,1
ATL,2008,102365683.0,72,90,0.444,0.3280352325903412,10.0,1,24.0,0,14.0,0
ATL,2009,99593166.0,86,76,0.531,0.1978052325191141,12.0,0,12.0,0,0.0,1
ATL,2010,84423666.0,91,71,0.562,-0.1960259268994751,16.0,0,6.0,1,10.0,0
ATL,2011,93855132.0,89,73,0.549,-0.04416470732893446,13.0,0,10.0,1,3.0,0
ATL,2012,86208000.0,94,68,0.58,-0.3239564616067002,16.0,0,4.0,1,12.0,0
ATL,2013,95618750.0,96,66,0.593,-0.17530070172726833,15.0,0,3.0,1,12.0,0
ATL,2014,108081500.0,79,83,0.488,-0.10483915356804988,14.0,0,16.0,0,2.0,1
ATL,2015,110913266.0,67,95,0.414,-0.34391064898407825,18.0,0,28.0,0,10.0,0
ATL,2016,96019377.0,68,93,0.422,-0.7450216199528205,24.0,0,26.0,0,2.0,1
ATL,2017,105268575.0,72,90,0.444,-0.7312424215965598,21.0,0,23.0,0,2.0,1
ATL,2018,129739447.0,90,72,0.556,-0.20906152447310894,19.0,0,10.0,1,9.0,0
ATL,2019,143947963.0,97,65,0.599,0.13721065523803352,14.0,0,5.0,1,9.0,0
ATL,2020,60552671.0,35,25,0.583,-0.02716145132819711,15.0,0,6.0,1,9.0,0
ATL,2021,151393755.0,88,73,0.547,0.3683587079574622,11.0,0,12.0,0,1.0,1
ATL,2022,177138888.0,101,61,0.623,0.4287038378899233,10.0,1,3.0,1,7.0,0
ATL,2023,204689131.0,104,58,0.642,0.5509271174634929,10.0,1,1.0,1,9.0,0
ATL,2024,236433901.0,89,73,0.549,1.021889012474475,6.0,1,9.0,1,3.0,0
BAL,1985,12085712.0,83,78,0.515,0.7650853352978566,5.0,1,12.0,0,7.0,0
BAL,1986,13001258.0,73,89,0.451,0.34951403402721193,9.0,1,19.0,0,10.0,0
BAL,1987,14250273.0,67,95,0.414,0.7501837178896865,5.0,1,24.0,0,19.0,0
BAL,1988,14389075.0,54,107,0.335,0.652138636500978,7.0,1,26.0,0,19.0,0
BAL,1989,10916401.0,87,75,0.537,-1.0673209965266561,22.0,0,8.0,1,14.0,0
BAL,1990,10100084.0,76,85,0.472,-2.001746864246145,26.0,0,18.0,0,8.0,0
BAL,1991,17519000.0,67,95,0.414,-0.8800986603707384,22.0,0,24.0,0,2.0,1
BAL,1992,23891667.0,89,73,0.549,-0.7774569937429177,22.0,0,8.0,1,14.0,0
BAL,1993,29096500.0,85,77,0.525,-0.3411889817424065,17.0,0,10.0,1,7.0,0
BAL,1994,38849769.0,63,49,0.562,0.6664276255626976,9.0,1,8.0,1,1.0,1
BAL,1995,43942521.0,71,73,0.493,1.0542997463613075,5.0,1,13.0,0,8.0,0
BAL,1996,54599315.0,88,74,0.543,1.9040705804987827,1.0,1,7.0,1,6.0,0
BAL,1997,58516400.0,98,64,0.605,1.3976289440209668,2.0,1,2.0,1,0.0,1
BAL,1998,72525634.0,79,83,0.488,1.926380669147137,1.0,1,16.0,0,15.0,0
BAL,1999,80805863.0,78,84,0.481,1.4863385858078983,3.0,1,15.0,0,12.0,0
BAL,2000,82347435.0,74,88,0.457,1.2299041587630166,4.0,1,21.0,0,17.0,0
BAL,2001,74279540.0,63,98,0.391,0.34838325478231735,12.0,0,28.0,0,16.0,0
BAL,2002,64493487.0,67,95,0.414,-0.1269742839606755,14.0,0,24.0,0,10.0,0
BAL,2003,73877500.0,71,91,0.438,0.10396724501673105,13.0,0,22.0,0,9.0,0
BAL,2004,51623333.0,78,84,0.481,-0.5355456641880304,20.0,0,18.0,0,2.0,1
BAL,2005,73914333.0,74,88,0.457,0.027719496036070206,14.0,0,22.0,0,8.0,0
BAL,2006,72585582.0,70,92,0.432,-0.16475087982458064,15.0,0,26.0,0,11.0,0
BAL,2007,93174808.0,69,93,0.426,0.27469002217581767,10.0,1,27.0,0,17.0,0
BAL,2008,67196246.0,68,93,0.422,-0.5903049320767679,22.0,0,26.0,0,4.0,0
BAL,2009,69904166.0,64,98,0.395,-0.6715725911351901,23.0,0,28.0,0,5.0,0
BAL,2010,81612500.0,66,96,0.407,-0.2695758964870771,17.0,0,27.0,0,10.0,0
BAL,2011,88299038.0,69,93,0.426,-0.17422057584146025,16.0,0,27.0,0,11.0,0
BAL,2012,77949000.0,93,69,0.574,-0.5458756500891093,22.0,0,7.0,1,15.0,0
BAL,2013,100832000.0,85,77,0.525,-0.07743068516818569,13.0,0,14.0,0,1.0,1
BAL,2014,109097500.0,96,66,0.593,-0.08406930827018508,13.0,0,2.0,1,11.0,0
BAL,2015,116400870.0,81,81,0.5,-0.2307302169468386,16.0,0,16.0,0,0.0,1
BAL,2016,154148832.0,89,73,0.549,0.4212766181981185,8.0,1,7.0,1,1.0,1
BAL,2017,174129785.0,75,87,0.463,0.7280262804072268,8.0,1,20.0,0,12.0,0
BAL,2018,130413607.0,47,115,0.29,-0.1927454068722144,17.0,0,30.0,0,13.0,0
BAL,2019,73328658.0,54,108,0.333,-1.4106608222852812,28.0,0,29.0,0,1.0,1
BAL,2020,23478635.0,25,35,0.417,-1.5669356719548007,30.0,0,26.0,0,4.0,0
BAL,2021,42421870.0,52,110,0.321,-1.60770508264617,30.0,0,30.0,0,0.0,1
BAL,2022,44888388.0,83,79,0.512,-1.6445345777049816,30.0,0,14.0,0,16.0,0
BAL,2023,68706439.0,101,61,0.623,-1.3090111356657694,29.0,0,2.0,1,27.0,0
BAL,2024,109335494.0,91,71,0.562,-0.8379388219599712,22.0,0,7.0,1,15.0,0
BOS,1985,10897560.0,81,81,0.5,0.2853137401896818,10.0,1,15.0,0,5.0,0
BOS,1986,14402239.0,95,66,0.59,0.7909085380173188,7.0,1,3.0,1,4.0,0
BOS,1987,13770171.0,78,84,0.481,0.6074202261633296,8.0,1,15.0,0,7.0,0
BOS,1988,14687092.0,89,73,0.549,0.7446831325889608,5.0,1,5.0,1,0.0,1
BOS,1989,18556748.0,83,79,0.512,1.2457136564901794,4.0,1,12.0,0,8.0,0
BOS,1990,20858333.0,88,74,0.543,0.8453156308099016,8.0,1,6.0,1,2.0,1
BOS,1991,35167500.0,84,78,0.518,1.6797672196896034,2.0,1,8.0,1,6.0,0
BOS,1992,43610584.0,73,89,0.451,1.3792838331203858,4.0,1,19.0,0,15.0,0
BOS,1993,37120583.0,80,82,0.494,0.5267981950558931,12.0,0,17.0,0,5.0,0
BOS,1994,37859084.0,54,61,0.47,0.5505532932913303,11.0,0,14.0,0,3.0,0
BOS,1995,32455518.0,86,58,0.597,-0.16245772381524312,17.0,0,3.0,1,14.0,0
BOS,1996,42393500.0,85,77,0.525,0.7625522411845295,7.0,1,11.0,0,4.0,0
BOS,1997,43558750.0,78,84,0.481,0.25217714531784996,13.0,0,17.0,0,4.0,0
BOS,1998,56927000.0,92,70,0.568,0.9139780773095987,5.0,1,5.0,1,0.0,1
BOS,1999,64097500.0,94,68,0.58,0.6770410068450423,9.0,1,9.0,1,0.0,1
BOS,2000,79975333.0,85,77,0.525,1.1183599852440658,6.0,1,12.0,0,6.0,0
BOS,2001,110035833.0,82,79,0.509,1.789597967030555,2.0,1,15.0,0,13.0,0
BOS,2002,108366060.0,93,69,0.574,1.6495270777238007,2.0,1,9.0,1,7.0,0
BOS,2003,99946500.0,95,67,0.586,1.0336150081296889,6.0,1,5.0,1,1.0,1
BOS,2004,127298500.0,98,64,0.605,1.7586462057972738,2.0,1,3.0,1,1.0,1
BOS,2005,123505125.0,95,67,0.586,1.478947457083877,2.0,1,3.0,1,1.0,1
BOS,2006,120099824.0,86,76,0.531,1.3001892988035078,2.0,1,11.0,0,9.0,0
BOS,2007,143026214.0,96,66,0.593,1.6600115217887985,2.0,1,1.0,1,1.0,1
BOS,2008,133390035.0,95,67,0.586,1.1381394297195235,4.0,1,4.0,1,0.0,1
BOS,2009,125439499.0,95,67,0.586,0.954658906707683,4.0,1,3.0,1,1.0,1
BOS,2010,164507333.0,89,73,0.549,1.8992438907895715,2.0,1,10.0,1,8.0,0
BOS,2011,166662475.0,90,72,0.556,1.6600941169376033,3.0,1,8.0,1,5.0,0
BOS,2012,110386000.0,69,93,0.426,0.32570598410436497,10.0,1,24.0,0,14.0,0
BOS,2013,178420500.0,97,65,0.599,1.3791631439776224,3.0,1,1.0,1,2.0,1
BOS,2014,134628929.0,71,91,0.438,0.4378635958276684,8.0,1,25.0,0,17.0,0
BOS,2015,183481478.0,78,84,0.481,1.1527902037614917,3.0,1,19.0,0,16.0,0
BOS,2016,207758836.0,93,69,0.574,1.496897458140017,3.0,1,5.0,1,2.0,1
BOS,2017,209872508.0,93,69,0.574,1.4854663108436785,2.0,1,6.0,1,4.0,0
BOS,2018,227398860.0,108,54,0.667,2.1545056811491907,1.0,1,1.0,1,0.0,1
BOS,2019,229166880.0,84,78,0.519,2.005084191655968,1.0,1,14.0,0,13.0,0
BOS,2020,84210390.0,24,36,0.4,0.9554007341060564,4.0,1,27.0,0,23.0,0
BOS,2021,186718068.0,92,70,0.568,1.0089193062002948,6.0,1,7.0,1,1.0,1
BOS,2022,211812131.0,78,84,0.481,0.9722624586955696,6.0,1,17.0,0,11.0,0
BOS,2023,180926796.0,78,84,0.481,0.2259116673342049,13.0,0,19.0,0,6.0,0
BOS,2024,188537445.0,81,81,0.5,0.32102136084793076,11.0,0,18.0,0,7.0,0
CAL,1985,14427894.0,90,72,0.556,1.7108501820292976,2.0,1,7.0,1,5.0,0
CAL,1986,14427258.0,92,70,0.568,0.7987910496968693,6.0,1,4.0,1,2.0,1
CAL,1987,13855999.0,75,87,0.463,0.6329421047805605,6.0,1,20.0,0,14.0,0
CAL,1988,12249888.0,75,87,0.463,-0.012152269564661627,16.0,0,20.0,0,4.0,0
CAL,1989,15097833.0,91,71,0.562,0.19856353924554013,13.0,0,5.0,1,8.0,0
CAL,1990,22417500.0,80,82,0.494,1.2579335102835083,2.0,1,12.0,0,10.0,0
CAL,1991,33060001.0,81,81,0.5,1.3740803464504447,3.0,1,16.0,0,13.0,0
CAL,1992,34749334.0,72,90,0.444,0.410091678599808,8.0,1,20.0,0,12.0,0
CAL,1993,28588334.0,71,91,0.438,-0.3961586987412069,18.0,0,21.0,0,3.0,0
CAL,1994,25156218.0,47,68,0.409,-0.9352228269513855,22.0,0,27.0,0,5.0,0
CAL,1995,31223171.0,78,67,0.538,-0.2929937233357152,18.0,0,8.0,1,10.0,0
CAL,1996,28847000.0,70,91,0.435,-0.5043503116987096,18.0,0,25.0,0,7.0,0
CHC,1985,12702917.0,77,84,0.478,1.0143105416340334,4.0,1,16.0,0,12.0,0
CHC,1986,17208165.0,70,90,0.438,1.6749464478840081,2.0,1,23.0,0,21.0,0
CHC,1987,15473026.0,76,85,0.472,1.1137824694026528,3.0,1,18.0,0,15.0,0
CHC,1988,13956698.0,77,85,0.475,0.5178707538465195,8.0,1,18.0,0,10.0,0
CHC,1989,11918000.0,93,69,0.574,-0.7640974393469876,18.0,0,2.0,1,16.0,0
CHC,1990,14599000.0,77,85,0.475,-0.8111539515883726,21.0,0,14.0,0,7.0,0
CHC,1991,23380667.0,77,83,0.481,-0.029880151513007495,12.0,0,17.0,0,5.0,0
CHC,1992,29829686.0,78,84,0.481,-0.1279908994340869,16.0,0,14.0,0,2.0,1
CHC,1993,39386666.0,84,78,0.518,0.7719266397093969,8.0,1,13.0,0,5.0,0
CHC,1994,36287333.0,49,64,0.434,0.3667152442425874,12.0,0,26.0,0,14.0,0
CHC,1995,29505834.0,73,71,0.507,-0.4749021483235547,21.0,0,12.0,0,9.0,0
CHC,1996,33081000.0,76,86,0.469,-0.10837604462547042,15.0,0,20.0,0,5.0,0
CHC,1997,42155333.0,68,94,0.42,0.14470394418127222,14.0,0,24.0,0,10.0,0
CHC,1998,50838000.0,90,73,0.552,0.5187819734905865,11.0,0,6.0,1,5.0,0
CHC,1999,62343000.0,67,95,0.414,0.5920588573495872,10.0,1,27.0,0,17.0,0
CHC,2000,60539333.0,65,97,0.401,0.2044142289003978,13.0,0,29.0,0,16.0,0
CHC,2001,64715833.0,88,74,0.543,-0.037097287958269796,15.0,0,10.0,1,5.0,0
CHC,2002,75690833.0,67,95,0.414,0.3264320028384193,12.0,0,25.0,0,13.0,0
CHC,2003,79868333.0,88,74,0.543,0.317606605852716,11.0,0,9.0,1,2.0,1
CHC,2004,90560000.0,89,73,0.549,0.6448704276023596,7.0,1,11.0,0,4.0,0
CHC,2005,87032933.0,79,83,0.488,0.41162300638536564,9.0,1,18.0,0,9.0,0
CHC,2006,94424499.0,66,96,0.407,0.5085779080159998,8.0,1,28.0,0,20.0,0
CHC,2007,101670332.0,85,77,0.525,0.510772271243739,8.0,1,12.0,0,4.0,0
CHC,2008,120345833.0,97,64,0.603,0.7975307753179465,6.0,1,2.0,1,4.0,0
CHC,2009,139652000.0,83,78,0.515,1.370841101731585,3.0,1,16.0,0,13.0,0
CHC,2010,146609002.0,75,87,0.463,1.4309607297386644,3.0,1,23.0,0,20.0,0
CHC,2011,136547329.0,71,91,0.438,0.9551651743366472,6.0,1,24.0,0,18.0,0
CHC,2012,84492700.0,61,101,0.377,-0.37004654321511243,17.0,0,29.0,0,12.0,0
CHC,2013,66207500.0,66,96,0.407,-0.7274475438168132,26.0,0,26.0,0,0.0,1
CHC,2014,59800500.0,73,89,0.451,-1.091836103200147,28.0,0,22.0,0,6.0,0
CHC,2015,132993810.0,97,65,0.599,0.1114949359555931,11.0,0,3.0,1,8.0,0
CHC,2016,186772494.0,103,58,0.64,1.0758315166163428,5.0,1,1.0,1,4.0,0
CHC,2017,172092536.0,92,70,0.568,0.6848540256082114,9.0,1,7.0,1,2.0,1
CHC,2018,194259933.0,95,68,0.583,1.3524725879673654,4.0,1,6.0,1,2.0,1
CHC,2019,221580085.0,84,78,0.519,1.8387927847054677,3.0,1,15.0,0,12.0,0
CHC,2020,86012838.0,34,26,0.567,1.030260751084515,3.0,1,9.0,1,6.0,0
CHC,2021,144037170.0,71,91,0.438,0.23495658096848865,14.0,0,24.0,0,10.0,0
CHC,2022,150580017.0,74,88,0.457,0.012350995125400898,14.0,0,20.0,0,6.0,0
CHC,2023,189409358.0,83,79,0.512,0.34193409133755276,11.0,0,14.0,0,3.0,0
CHC,2024,229567975.0,83,79,0.512,0.921420087761932,7.0,1,15.0,0,8.0,0
CHW,1985,9846178.0,85,77,0.525,-0.13923061037154522,16.0,0,9.0,1,7.0,0
CHW,1986,10418819.0,72,90,0.444,-0.4641118334825597,17.0,0,22.0,0,5.0,0
CHW,1987,12135343.0,77,85,0.475,0.12128654279601048,13.0,0,17.0,0,4.0,0
CHW,1988,8537500.0,71,90,0.441,-1.1649760237232312,23.0,0,21.0,0,2.0,1
CHW,1989,8565410.0,69,92,0.429,-1.7790587817255095,26.0,0,23.0,0,3.0,0
CHW,1990,10721500.0,94,68,0.58,-1.8372953640598464,25.0,0,3.0,1,22.0,0
CHW,1991,16919667.0,87,75,0.537,-0.9670302464825442,23.0,0,6.0,1,17.0,0
CHW,1992,30160833.0,86,76,0.531,-0.09177196030100457,14.0,0,10.0,1,4.0,0
CHW,1993,39696166.0,94,68,0.58,0.8054061078578537,6.0,1,5.0,1,1.0,1
CHW,1994,39183836.0,67,46,0.593,0.7055013882207564,8.0,1,4.0,1,4.0,0
CHW,1995,46961282.0,68,76,0.472,1.3740611321142,4.0,1,18.0,0,14.0,0
CHW,1996,45289500.0,85,77,0.525,1.0333934026025977,5.0,1,12.0,0,7.0,0
CHW,1997,57740000.0,80,81,0.497,1.3381724935415733,3.0,1,13.0,0,10.0,0
CHW,1998,39850000.0,80,82,0.494,-0.19437532471327362,19.0,0,15.0,0,4.0,0
CHW,1999,25820000.0,75,86,0.466,-1.1769938904546349,25.0,0,18.0,0,7.0,0
CHW,2000,31743500.0,95,67,0.586,-1.1496621947840515,26.0,0,3.0,1,23.0,0
CHW,2001,65653667.0,83,79,0.512,0.000703614905083902,14.0,0,14.0,0,0.0,1
CHW,2002,57052833.0,81,81,0.5,-0.42826347351477445,18.0,0,14.0,0,4.0,0
CHW,2003,51010000.0,86,76,0.531,-0.7115116848611148,22.0,0,11.0,0,11.0,0
CHW,2004,65212500.0,83,79,0.512,-0.12357225617067395,15.0,0,15.0,0,0.0,1
CHW,2005,75178000.0,99,63,0.611,0.06469952418027486,13.0,0,2.0,1,11.0,0
CHW,2006,102750667.0,90,72,0.556,0.7652870024640912,4.0,1,6.0,1,2.0,1
CHW,2007,108671833.0,72,90,0.444,0.7053370918400084,5.0,1,23.0,0,18.0,0
CHW,2008,121189332.0,89,74,0.546,0.8195561210906565,5.0,1,9.0,1,4.0,0
CHW,2009,101081000.0,79,83,0.488,0.24137321678530288,10.0,1,18.0,0,8.0,0
CHW,2010,107195000.0,88,74,0.543,0.39975209658584293,7.0,1,11.0,0,4.0,0
CHW,2011,127789000.0,79,83,0.488,0.7501520689404026,7.0,1,17.0,0,10.0,0
CHW,2012,118208000.0,85,77,0.525,0.5358829900747493,7.0,1,14.0,0,7.0,0
CHW,2013,81401900.0,63,99,0.389,-0.44219819272002603,19.0,0,28.0,0,9.0,0
CHW,2014,87475500.0,73,89,0.451,-0.5260826892056505,21.0,0,23.0,0,2.0,1
CHW,2015,116925487.0,76,86,0.469,-0.2199101252066036,15.0,0,20.0,0,5.0,0
CHW,2016,129715686.0,78,84,0.481,-0.06894533781858012,16.0,0,19.0,0,3.0,0
CHW,2017,85495238.0,67,95,0.414,-1.1502680503688896,26.0,0,27.0,0,1.0,1
CHW,2018,71839808.0,62,100,0.383,-1.610356942435225,29.0,0,28.0,0,1.0,1
CHW,2019,91371201.0,72,89,0.447,-1.0151947710166098,26.0,0,20.0,0,6.0,0
CHW,2020,53665251.0,35,25,0.583,-0.31321263179929776,20.0,0,7.0,1,13.0,0
CHW,2021,140406825.0,93,69,0.574,0.1691249831953663,15.0,0,6.0,1,9.0,0
CHW,2022,203205326.0,81,81,0.5,0.8373370046403161,7.0,1,15.0,0,8.0,0
CHW,2023,162863836.0,61,101,0.377,-0.02114911499494431,15.0,0,27.0,0,12.0,0
CHW,2024,132497547.0,41,121,0.253,-0.499009075405037,18.0,0,30.0,0,12.0,0
CIN,1985,8359917.0,89,72,0.553,-0.7393775702866664,21.0,0,8.0,1,13.0,0
CIN,1986,11906388.0,86,76,0.531,0.004563174177115328,12.0,0,9.0,1,3.0,0
CIN,1987,9281500.0,84,78,0.518,-0.7273343575935352,19.0,0,10.0,1,9.0,0
CIN,1988,9697409.0,87,74,0.54,-0.8047845114507229,20.0,0,7.0,1,13.0,0
CIN,1989,11717000.0,75,87,0.463,-0.824948074175011,20.0,0,18.0,0,2.0,1
CIN,1990,14470000.0,91,71,0.562,-0.8452925053495125,22.0,0,4.0,1,18.0,0
CIN,1991,26305333.0,74,88,0.457,0.39433452418025594,9.0,1,21.0,0,12.0,0
CIN,1992,35931499.0,90,72,0.556,0.5393900330474106,7.0,1,6.0,1,1.0,1
CIN,1993,44879666.0,73,89,0.451,1.366119591371669,2.0,1,20.0,0,18.0,0
CIN,1994,41073833.0,66,48,0.579,0.9265627148481782,6.0,1,6.0,1,0.0,1
CIN,1995,43144670.0,85,59,0.59,0.9697876099635168,6.0,1,4.0,1,2.0,1
CIN,1996,42526334.0,81,81,0.5,0.7749752090145736,6.0,1,15.0,0,9.0,0
CIN,1997,49768000.0,76,86,0.469,0.7276794188098309,7.0,1,20.0,0,13.0,0
CIN,1998,23005000.0,77,85,0.475,-1.287671164560746,27.0,0,17.0,0,10.0,0
CIN,1999,33962761.0,96,67,0.589,-0.7825856074066088,22.0,0,7.0,1,15.0,0
CIN,2000,46867200.0,85,77,0.525,-0.4384952141699986,21.0,0,13.0,0,8.0,0
CIN,2001,48986000.0,66,96,0.407,-0.6711134243851593,21.0,0,25.0,0,4.0,0
CIN,2002,45050390.0,78,84,0.481,-0.9142699890897855,23.0,0,17.0,0,6.0,0
CIN,2003,59355667.0,69,93,0.426,-0.41389648449916655,17.0,0,24.0,0,7.0,0
CIN,2004,46915250.0,76,86,0.469,-0.6782773709025464,23.0,0,19.0,0,4.0,0
CIN,2005,61892583.0,73,89,0.451,-0.3240857290292296,18.0,0,23.0,0,5.0,0
CIN,2006,60909519.0,80,82,0.494,-0.5247426022410471,22.0,0,15.0,0,7.0,0
CIN,2007,68524980.0,72,90,0.444,-0.41030443294871866,21.0,0,24.0,0,3.0,0
CIN,2008,74167695.0,74,88,0.457,-0.40826728323330325,18.0,0,21.0,0,3.0,0
CIN,2009,78979000.0,78,84,0.481,-0.4058358053578286,20.0,0,19.0,0,1.0,1
CIN,2010,75321542.0,91,71,0.562,-0.4341694386602826,19.0,0,7.0,1,12.0,0
CIN,2011,77297134.0,79,83,0.488,-0.43175080841337704,19.0,0,18.0,0,1.0,1
CIN,2012,80309500.0,97,65,0.599,-0.4824490555361699,19.0,0,2.0,1,17.0,0
CIN,2013,106255535.0,90,72,0.556,0.02438707923190338,12.0,0,11.0,0,1.0,1
CIN,2014,102230000.0,76,86,0.469,-0.22445997026141198,15.0,0,21.0,0,6.0,0
CIN,2015,112333097.0,64,98,0.395,-0.31462699695673335,17.0,0,29.0,0,12.0,0
CIN,2016,87226437.0,68,94,0.42,-0.9214414819688487,25.0,0,27.0,0,2.0,1
CIN,2017,96436003.0,68,94,0.42,-0.9184174055649651,25.0,0,26.0,0,1.0,1
CIN,2018,100305768.0,67,95,0.414,-0.9214196708938105,25.0,0,23.0,0,2.0,1
CIN,2019,128691569.0,75,87,0.463,-0.1971871007644906,16.0,0,19.0,0,3.0,0
CIN,2020,55147001.0,31,29,0.517,-0.2516719770021381,18.0,0,12.0,0,6.0,0
CIN,2021,126587447.0,83,79,0.512,-0.08147151217097925,16.0,0,14.0,0,2.0,1
CIN,2022,115417321.0,62,100,0.383,-0.5388805854212534,21.0,0,27.0,0,6.0,0
CIN,2023,95573417.0,82,80,0.506,-0.9415311321945753,24.0,0,15.0,0,9.0,0
CIN,2024,100254855.0,77,85,0.475,-0.9708155870216368,25.0,0,22.0,0,3.0,0
CLE,1985,6551666.0,60,102,0.37,-1.4695429587436586,24.0,0,25.0,0,1.0,1
CLE,1986,7809500.0,84,78,0.518,-1.2862065412316022,24.0,0,11.0,0,13.0,0
CLE,1987,9033750.0,61,101,0.377,-0.801005483885875,20.0,0,26.0,0,6.0,0
CLE,1988,9261500.0,78,84,0.481,-0.9401492012006919,22.0,0,17.0,0,5.0,0
CLE,1989,9894500.0,73,89,0.451,-1.376690770563432,25.0,0,21.0,0,4.0,0
CLE,1990,15208000.0,77,85,0.475,-0.6499882210415956,19.0,0,15.0,0,4.0,0
CLE,1991,17635000.0,57,105,0.352,-0.8632731827331488,21.0,0,26.0,0,5.0,0
CLE,1992,9373044.0,76,86,0.469,-2.3654198100546133,26.0,0,16.0,0,10.0,0
CLE,1993,18561000.0,76,86,0.469,-1.4808430582466607,27.0,0,18.0,0,9.0,0
CLE,1994,30490500.0,66,47,0.584,-0.3113046643697638,18.0,0,5.0,1,13.0,0
CLE,1995,38057835.0,100,44,0.694,0.4309660839479378,8.0,1,1.0,1,7.0,0
CLE,1996,48216360.0,99,62,0.615,1.3071206683857768,4.0,1,1.0,1,3.0,0
CLE,1997,56802460.0,86,75,0.534,1.2663759961401688,4.0,1,9.0,1,5.0,0
CLE,1998,61718166.0,89,73,0.549,1.2249404908340067,3.0,1,7.0,1,4.0,0
CLE,1999,73679962.0,97,65,0.599,1.141183621959615,5.0,1,4.0,1,1.0,1
CLE,2000,76972271.0,90,72,0.556,0.9771459612197333,8.0,1,8.0,1,0.0,1
CLE,2001,93360001.0,91,71,0.562,1.1174518243255505,4.0,1,7.0,1,3.0,0
CLE,2002,78909449.0,74,88,0.457,0.4567611655875346,9.0,1,20.0,0,11.0,0
CLE,2003,48584834.0,68,94,0.42,-0.7979956369527793,26.0,0,25.0,0,1.0,1
CLE,2004,34319300.0,80,82,0.494,-1.0601401038218063,27.0,0,17.0,0,10.0,0
CLE,2005,41502500.0,93,69,0.574,-0.9207823612928472,26.0,0,6.0,1,20.0,0
CLE,2006,56031500.0,78,84,0.481,-0.6751397405393116,25.0,0,18.0,0,7.0,0
CLE,2007,61673267.0,96,66,0.593,-0.6007067924745012,23.0,0,2.0,1,21.0,0
CLE,2008,78970066.0,81,81,0.5,-0.28286834167695846,16.0,0,17.0,0,1.0,1
CLE,2009,85224866.0,65,97,0.401,-0.22293919752609248,15.0,0,26.0,0,11.0,0
CLE,2010,61203966.0,69,93,0.426,-0.8035347786831273,25.0,0,24.0,0,1.0,1
CLE,2011,49426566.0,80,82,0.494,-1.0841391458276484,26.0,0,16.0,0,10.0,0
CLE,2012,78911300.0,68,94,0.42,-0.5200186655780763,20.0,0,26.0,0,6.0,0
CLE,2013,87342433.0,92,70,0.568,-0.3306746588247061,17.0,0,7.0,1,10.0,0
CLE,2014,73509399.0,85,77,0.525,-0.8115883557256849,27.0,0,12.0,0,15.0,0
CLE,2015,77404413.0,81,80,0.503,-1.0350221904896888,27.0,0,15.0,0,12.0,0
CLE,2016,104971268.0,94,67,0.584,-0.5654125955534132,18.0,0,4.0,1,14.0,0
CLE,2017,132258928.0,102,60,0.63,-0.15927777867300372,18.0,0,2.0,1,16.0,0
CLE,2018,142604703.0,91,71,0.562,0.10230525768782342,14.0,0,8.0,1,6.0,0
CLE,2019,106838693.0,93,69,0.574,-0.6761700568025567,22.0,0,8.0,1,14.0,0
CLE,2020,39299107.0,35,25,0.583,-0.9098732754100867,24.0,0,8.0,1,16.0,0
CLE,2021,50670534.0,80,82,0.494,-1.4581262600787186,29.0,0,16.0,0,13.0,0
CLE,2022,66477492.0,92,70,0.568,-1.3060907928340464,27.0,0,7.0,1,20.0,0
CLE,2023,88911627.0,76,86,0.469,-1.0326494787508707,26.0,0,21.0,0,5.0,0
CLE,2024,105224582.0,92,69,0.571,-0.8980936952032729,23.0,0,6.0,1,17.0,0
COL,1993,10353500.0,67,95,0.414,-2.3686709575308584,28.0,0,25.0,0,3.0,0
COL,1994,23887333.0,53,64,0.453,-1.0836365024427415,25.0,0,22.0,0,3.0,0
COL,1995,34154717.0,77,67,0.535,0.01752943876898573,16.0,0,9.0,1,7.0,0
COL,1996,40324823.0,83,79,0.512,0.569084395439072,9.0,1,13.0,0,4.0,0
COL,1997,43559667.0,83,79,0.512,0.25224736886897003,12.0,0,12.0,0,0.0,1
COL,1998,50484648.0,77,85,0.475,0.4958482678448885,12.0,0,18.0,0,6.0,0
COL,1999,61935837.0,72,90,0.444,0.5723372347020991,11.0,0,22.0,0,11.0,0
COL,2000,61111190.0,82,80,0.506,0.23130485857653593,12.0,0,16.0,0,4.0,0
COL,2001,71541334.0,73,89,0.451,0.23801547218342214,13.0,0,21.0,0,8.0,0
COL,2002,56851043.0,73,89,0.451,-0.43643441461217286,19.0,0,21.0,0,2.0,1
COL,2003,67179667.0,74,88,0.457,-0.13488447411918333,16.0,0,21.0,0,5.0,0
COL,2004,65445167.0,68,94,0.42,-0.1165186511245976,14.0,0,24.0,0,10.0,0
COL,2005,47839000.0,67,95,0.414,-0.735350638904154,24.0,0,27.0,0,3.0,0
COL,2006,41233000.0,76,86,0.469,-1.131401196492408,28.0,0,23.0,0,5.0,0
COL,2007,54041000.0,90,73,0.552,-0.8127999792922745,25.0,0,6.0,1,19.0,0
COL,2008,68655500.0,74,88,0.457,-0.5522010648283062,20.0,0,22.0,0,2.0,1
COL,2009,79250200.0,92,70,0.568,-0.3978943029234237,19.0,0,6.0,1,13.0,0
COL,2010,90677000.0,83,79,0.512,-0.032416760624300454,14.0,0,14.0,0,0.0,1
COL,2011,91648071.0,73,89,0.451,-0.09582712254637385,15.0,0,21.0,0,6.0,0
COL,2012,75485000.0,64,98,0.395,-0.6120832878685809,23.0,0,28.0,0,5.0,0
COL,2013,73768000.0,74,88,0.457,-0.5855118491551444,22.0,0,20.0,0,2.0,1
COL,2014,95403500.0,66,96,0.407,-0.3640124790467211,17.0,0,29.0,0,12.0,0
COL,2015,101277051.0,68,94,0.42,-0.5426551241509688,22.0,0,25.0,0,3.0,0
COL,2016,106902280.0,75,87,0.463,-0.5266691410784259,17.0,0,20.0,0,3.0,0
COL,2017,139499341.0,87,75,0.537,-0.005842948229545895,16.0,0,9.0,1,7.0,0
COL,2018,143968544.0,91,72,0.558,0.13531313437128376,13.0,0,9.0,1,4.0,0
COL,2019,155403513.0,71,91,0.438,0.38829949141876635,11.0,0,22.0,0,11.0,0
COL,2020,67808533.0,26,34,0.433,0.2741920149095815,12.0,0,20.0,0,8.0,0
COL,2021,116208966.0,74,87,0.46,-0.2696718035173919,18.0,0,21.0,0,3.0,0
COL,2022,140012218.0,68,94,0.42,-0.15331618084055326,17.0,0,23.0,0,6.0,0
COL,2023,171026607.0,59,103,0.364,0.09049928533554923,14.0,0,28.0,0,14.0,0
COL,2024,146100965.0,61,101,0.377,-0.29995059751359837,17.0,0,29.0,0,12.0,0
DET,1985,10348143.0,84,77,0.522,0.06346108962851787,14.0,0,10.0,1,4.0,0
DET,1986,12335714.0,87,75,0.537,0.1398270619957628,11.0,0,6.0,1,5.0,0
DET,1987,12122881.0,98,64,0.605,0.11758083310537419,14.0,0,1.0,1,13.0,0
DET,1988,13432071.0,88,74,0.543,0.3549560833775524,10.0,1,6.0,1,4.0,0
DET,1989,15669304.0,59,103,0.364,0.37157037076695976,10.0,1,26.0,0,16.0,0
DET,1990,18393238.0,79,83,0.488,0.19295300922992273,12.0,0,13.0,0,1.0,1
DET,1991,23838333.0,84,78,0.518,0.03650302993945002,10.0,1,9.0,1,1.0,1
DET,1992,27322834.0,75,87,0.463,-0.4021758384600956,19.0,0,18.0,0,1.0,1
DET,1993,38150165.0,85,77,0.525,0.6381709180776199,10.0,1,11.0,0,1.0,1
DET,1994,41446501.0,53,62,0.461,0.9701513991008982,5.0,1,19.0,0,14.0,0
DET,1995,37044168.0,60,84,0.417,0.32359370017460254,11.0,0,25.0,0,14.0,0
DET,1996,23438000.0,53,109,0.327,-1.0102135168473043,22.0,0,28.0,0,6.0,0
DET,1997,17272000.0,79,83,0.488,-1.7608533153199615,27.0,0,14.0,0,13.0,0
DET,1998,24265000.0,65,97,0.401,-1.2058930251598663,26.0,0,27.0,0,1.0,1
DET,1999,36689666.0,69,92,0.429,-0.6505033911798183,21.0,0,24.0,0,3.0,0
DET,2000,59645167.0,79,83,0.488,0.16236755154050933,15.0,0,18.0,0,3.0,0
DET,2001,53416167.0,66,96,0.407,-0.4925484412053694,20.0,0,26.0,0,6.0,0
DET,2002,55048000.0,55,106,0.342,-0.5094437716124031,20.0,0,29.0,0,9.0,0
DET,2003,49168000.0,43,119,0.265,-0.7771993284091631,25.0,0,30.0,0,5.0,0
DET,2004,46832000.0,72,90,0.444,-0.6808012037627538,24.0,0,21.0,0,3.0,0
DET,2005,69092000.0,71,91,0.438,-0.11340155093336624,15.0,0,24.0,0,9.0,0
DET,2006,82612866.0,95,67,0.586,0.1444063453735941,14.0,0,4.0,1,10.0,0
DET,2007,95180369.0,88,74,0.543,0.33042258811558894,9.0,1,9.0,1,0.0,1
DET,2008,138785196.0,74,88,0.457,1.2790172333973464,2.0,1,23.0,0,21.0,0
DET,2009,119510145.0,86,77,0.528,0.7810306647259408,5.0,1,13.0,0,8.0,0
DET,2010,124039928.0,81,81,0.5,0.8404745377740707,6.0,1,15.0,0,9.0,0
DET,2011,106875231.0,95,67,0.586,0.2606070052382159,10.0,1,5.0,1,5.0,0
DET,2012,131394000.0,88,74,0.543,0.8901905841332366,5.0,1,11.0,0,6.0,0
DET,2013,154407000.0,93,69,0.574,0.9283499962019487,4.0,1,6.0,1,2.0,1
DET,2014,169135500.0,90,72,0.556,1.1432731838491133,4.0,1,5.0,1,1.0,1
DET,2015,162160921.0,74,87,0.46,0.7130591567445067,6.0,1,22.0,0,16.0,0
DET,2016,200179285.0,86,75,0.534,1.3448228003391622,4.0,1,11.0,0,7.0,0
DET,2017,188028874.0,64,98,0.395,1.022568092322311,5.0,1,29.0,0,24.0,0
DET,2018,130995349.0,64,98,0.395,-0.1786660030431833,16.0,0,26.0,0,10.0,0
DET,2019,114631137.0,47,114,0.292,-0.5053711257199344,20.0,0,30.0,0,10.0,0
DET,2020,43164880.0,23,35,0.397,-0.7493183898240025,22.0,0,28.0,0,6.0,0
DET,2021,83698945.0,77,85,0.475,-0.8591988666664205,25.0,0,18.0,0,7.0,0
DET,2022,135112588.0,66,96,0.407,-0.23012572891939806,18.0,0,25.0,0,7.0,0
DET,2023,119344514.0,78,84,0.481,-0.6163958375561499,19.0,0,20.0,0,1.0,1
DET,2024,96961614.0,86,76,0.531,-1.0190055008204835,26.0,0,12.0,0,14.0,0
FLA,1993,19330545.0,64,98,0.395,-1.3975992543167604,25.0,0,26.0,0,1.0,1
FLA,1994,21633000.0,51,64,0.444,-1.3473119705201912,26.0,0,24.0,0,2.0,1
FLA,1995,24515781.0,67,76,0.469,-1.0034720689831826,25.0,0,19.0,0,6.0,0
FLA,1996,31132000.0,80,82,0.494,-0.2906513980798264,16.0,0,16.0,0,0.0,1
FLA,1997,48692500.0,92,70,0.568,0.6453179910785227,8.0,1,4.0,1,4.0,0
FLA,1998,41864667.0,54,108,0.333,-0.06361681775108975,17.0,0,30.0,0,13.0,0
FLA,1999,21085000.0,64,98,0.395,-1.4063415552371825,29.0,0,29.0,0,0.0,1
FLA,2000,20347000.0,79,82,0.491,-1.685563759518082,29.0,0,17.0,0,12.0,0
FLA,2001,35762500.0,76,86,0.469,-1.2041077912065346,26.0,0,19.0,0,7.0,0
FLA,2002,41979917.0,79,83,0.488,-1.0386005011278057,25.0,0,16.0,0,9.0,0
FLA,2003,49450000.0,91,71,0.562,-0.7671429139246084,24.0,0,7.0,1,17.0,0
FLA,2004,42143042.0,83,79,0.512,-0.8229531110364113,25.0,0,16.0,0,9.0,0
FLA,2005,60408834.0,83,79,0.512,-0.3675062502416499,19.0,0,11.0,0,8.0,0
FLA,2006,14671500.0,78,84,0.481,-1.9503347818083638,30.0,0,19.0,0,11.0,0
FLA,2007,30507000.0,71,91,0.438,-1.4667866727045304,29.0,0,25.0,0,4.0,0
FLA,2008,21811500.0,84,77,0.522,-1.7753860328920843,30.0,0,14.0,0,16.0,0
FLA,2009,40029000.0,87,75,0.537,-1.5464018813905394,30.0,0,9.0,1,21.0,0
FLA,2010,57454719.0,80,82,0.494,-0.9016282398399597,27.0,0,17.0,0,10.0,0
FLA,2011,57694000.0,72,90,0.444,-0.8906168063495934,24.0,0,22.0,0,2.0,1
HOU,1985,9993051.0,83,79,0.512,-0.07992380998883077,15.0,0,13.0,0,2.0,1
HOU,1986,9873276.0,96,66,0.593,-0.6359911679562427,20.0,0,2.0,1,18.0,0
HOU,1987,12758371.0,76,86,0.469,0.3065506173536851,9.0,1,19.0,0,10.0,0
HOU,1988,12641167.0,82,80,0.506,0.10935327503450497,15.0,0,15.0,0,0.0,1
HOU,1989,15579500.0,86,76,0.531,0.34438315479633386,11.0,0,10.0,1,1.0,1
HOU,1990,18752500.0,75,87,0.463,0.28802808753484255,11.0,0,20.0,0,9.0,0
HOU,1991,12852500.0,65,97,0.401,-1.5569615172311846,25.0,0,25.0,0,0.0,1
HOU,1992,15407500.0,81,81,0.5,-1.7054059957508043,25.0,0,13.0,0,12.0,0
HOU,1993,30210500.0,85,77,0.525,-0.22068453095926963,16.0,0,12.0,0,4.0,0
HOU,1994,33126000.0,66,49,0.574,-0.003046436273861862,14.0,0,7.0,1,7.0,0
HOU,1995,34169834.0,76,68,0.528,0.019130702621416074,15.0,0,10.0,1,5.0,0
HOU,1996,28487000.0,82,80,0.506,-0.5380184118749888,19.0,0,14.0,0,5.0,0
HOU,1997,34777500.0,84,78,0.518,-0.4202880218281754,21.0,0,11.0,0,10.0,0
HOU,1998,42374000.0,102,60,0.63,-0.030559432770559468,16.0,0,3.0,1,13.0,0
HOU,1999,55114000.0,97,65,0.599,0.241910120556971,13.0,0,5.0,1,8.0,0
HOU,2000,51289111.0,72,90,0.444,-0.23056216244230843,19.0,0,23.0,0,4.0,0
HOU,2001,60612667.0,93,69,0.574,-0.20248197159974102,17.0,0,4.0,1,13.0,0
HOU,2002,63448417.0,84,78,0.518,-0.16929157130225894,15.0,0,12.0,0,3.0,0
HOU,2003,71040000.0,87,75,0.537,0.0027790318964342146,14.0,0,10.0,1,4.0,0
HOU,2004,75397000.0,92,70,0.568,0.18518420947234646,12.0,0,7.0,1,5.0,0
HOU,2005,76779000.0,89,73,0.549,0.11155128580645615,12.0,0,8.0,1,4.0,0
HOU,2006,100894435.0,82,80,0.506,0.7080563970036237,6.0,1,14.0,0,8.0,0
HOU,2007,87759000.0,73,89,0.451,0.12419004911235028,14.0,0,21.0,0,7.0,0
HOU,2008,87946807.0,86,75,0.534,-0.04846874613853715,14.0,0,11.0,0,3.0,0
HOU,2009,105804414.0,74,88,0.457,0.3796881274774202,8.0,1,23.0,0,15.0,0
HOU,2010,93216000.0,76,86,0.469,0.03401239111662181,13.0,0,22.0,0,9.0,0
HOU,2011,71110500.0,56,106,0.346,-0.5765662233504032,20.0,0,30.0,0,10.0,0
HOU,2012,37651000.0,55,107,0.34,-1.6286822195847048,30.0,0,30.0,0,0.0,1
HOU,2013,14672300.0,51,111,0.315,-1.694934404676284,30.0,0,30.0,0,0.0,1
HOU,2014,44736800.0,70,92,0.432,-1.3997797238826726,29.0,0,26.0,0,3.0,0
HOU,2015,81341546.0,86,76,0.531,-0.9538198271398419,25.0,0,10.0,1,15.0,0
HOU,2016,99828742.0,84,78,0.519,-0.6685912510808975,20.0,0,14.0,0,6.0,0
HOU,2017,138344211.0,101,61,0.623,-0.03032182473702571,17.0,0,3.0,1,14.0,0
HOU,2018,163724216.0,103,59,0.636,0.6134427588472235,8.0,1,2.0,1,6.0,0
HOU,2019,167138259.0,107,55,0.66,0.6455078939849033,8.0,1,1.0,1,7.0,0
HOU,2020,82655105.0,29,31,0.483,0.8908059932279053,5.0,1,15.0,0,10.0,0
HOU,2021,194222042.0,95,67,0.586,1.1449941415308125,4.0,1,4.0,1,0.0,1
HOU,2022,183791796.0,106,56,0.654,0.5329988268768736,8.0,1,2.0,1,6.0,0
HOU,2023,237107748.0,90,72,0.556,0.9943410915878366,7.0,1,6.0,1,1.0,1
HOU,2024,255271371.0,88,73,0.547,1.297537243347454,3.0,1,11.0,0,8.0,0
KC,2015,126529835.0,95,67,0.586,-0.02182289878210233,13.0,0,4.0,1,9.0,0
KC,2016,141587358.0,81,81,0.5,0.16924561266436927,14.0,0,16.0,0,2.0,1
KC,2017,148227822.0,80,82,0.494,0.17912619679905167,12.0,0,13.0,0,1.0,1
KC,2018,129944821.0,58,104,0.358,-0.20409103328976058,18.0,0,29.0,0,11.0,0
KC,2019,103973003.0,59,103,0.364,-0.7389817740011866,23.0,0,27.0,0,4.0,0
KC,2020,34934696.0,26,34,0.433,-1.0911378009669797,26.0,0,21.0,0,5.0,0
KC,2021,91595545.0,74,88,0.457,-0.7160042680882585,22.0,0,22.0,0,0.0,1
KC,2022,92613711.0,65,97,0.401,-0.8963636971391231,24.0,0,26.0,0,2.0,1
KC,2023,95596347.0,56,106,0.346,-0.9412175012205374,23.0,0,29.0,0,6.0,0
KC,2024,122566873.0,86,76,0.531,-0.6443243815197269,20.0,0,13.0,0,7.0,0
KCR,1985,10565346.0,91,71,0.562,0.1511668964379841,13.0,0,6.0,1,7.0,0
KCR,1986,13043698.0,76,86,0.469,0.3628852237502275,8.0,1,16.0,0,8.0,0
KCR,1987,12513056.0,83,79,0.512,0.23360356449231137,11.0,0,11.0,0,0.0,1
KCR,1988,14850062.0,84,77,0.522,0.7952909050564998,4.0,1,12.0,0,8.0,0
KCR,1989,18914068.0,92,70,0.568,1.353888526324753,3.0,1,3.0,1,0.0,1
KCR,1990,24161084.0,75,86,0.466,1.7193554957181085,1.0,1,19.0,0,18.0,0
KCR,1991,26319834.0,82,80,0.506,0.3964378539321756,8.0,1,15.0,0,7.0,0
KCR,1992,33893834.0,72,90,0.444,0.3165220481083588,11.0,0,21.0,0,10.0,0
KCR,1993,41455167.0,84,78,0.518,0.9956820947806443,5.0,1,14.0,0,9.0,0
KCR,1994,40541334.0,64,51,0.556,0.864279581399937,7.0,1,9.0,1,2.0,1
KCR,1995,29532834.0,70,74,0.486,-0.47204218113326435,20.0,0,14.0,0,6.0,0
KCR,1996,20281250.0,75,86,0.466,-1.3054406702680525,27.0,0,21.0,0,6.0,0
KCR,1997,34810000.0,67,94,0.416,-0.4177991827753929,20.0,0,27.0,0,7.0,0
KCR,1998,38097500.0,72,89,0.447,-0.30811833209425876,20.0,0,23.0,0,3.0,0
KCR,1999,26660000.0,64,97,0.398,-1.1363070819187657,24.0,0,28.0,0,4.0,0
KCR,2000,24903000.0,77,85,0.475,-1.4713253943245364,28.0,0,19.0,0,9.0,0
KCR,2001,35422500.0,65,97,0.401,-1.2178120362792662,27.0,0,27.0,0,0.0,1
KCR,2002,47257000.0,62,100,0.383,-0.8249192762946508,22.0,0,27.0,0,5.0,0
KCR,2003,40518000.0,83,79,0.512,-1.0856673613573806,29.0,0,17.0,0,12.0,0
KCR,2004,47609000.0,58,104,0.358,-0.6572454304008187,22.0,0,29.0,0,7.0,0
KCR,2005,36881000.0,56,106,0.346,-1.0560262191038383,29.0,0,30.0,0,1.0,1
KCR,2006,47694000.0,62,100,0.383,-0.9321982186964858,26.0,0,29.0,0,3.0,0
KCR,2007,67691500.0,69,93,0.426,-0.43346602168098886,22.0,0,28.0,0,6.0,0
KCR,2008,59445500.0,75,87,0.463,-0.7926914916891079,24.0,0,20.0,0,4.0,0
KCR,2009,76817333.0,65,97,0.401,-0.4691355241737311,21.0,0,27.0,0,6.0,0
KCR,2010,73105210.0,67,95,0.414,-0.4921564629754704,20.0,0,26.0,0,6.0,0
KCR,2011,35712000.0,71,91,0.438,-1.4051667944603672,30.0,0,25.0,0,5.0,0
KCR,2012,61747075.0,72,90,0.444,-0.9812210972198584,27.0,0,23.0,0,4.0,0
KCR,2013,87426250.0,86,76,0.531,-0.32910113536468927,16.0,0,12.0,0,4.0,0
KCR,2014,89804075.0,89,73,0.549,-0.47848018673077297,19.0,0,7.0,1,12.0,0
LAA,2005,94867822.0,95,67,0.586,0.6409036758392007,5.0,1,4.0,1,1.0,1
LAA,2006,103472000.0,89,73,0.549,0.7875268541252065,3.0,1,7.0,1,4.0,0
LAA,2007,109251333.0,94,68,0.58,0.7214408263871488,4.0,1,3.0,1,1.0,1
LAA,2008,119216333.0,100,62,0.617,0.7680374053788286,7.0,1,1.0,1,6.0,0
LAA,2009,118169000.0,97,65,0.599,0.7417581489354174,6.0,1,2.0,1,4.0,0
LAA,2010,104963866.0,80,82,0.494,0.34137779999650425,8.0,1,18.0,0,10.0,0
LAA,2011,138543166.0,86,76,0.531,1.0018833030156138,5.0,1,11.0,0,6.0,0
LAA,2012,140581000.0,89,73,0.549,1.1370451167144078,4.0,1,10.0,1,6.0,0
LAA,2013,116532500.0,78,84,0.481,0.21731984376978528,9.0,1,17.0,0,8.0,0
LAA,2014,128667000.0,98,64,0.605,0.3159853054665918,11.0,0,1.0,1,10.0,0
LAA,2015,142198162.0,85,77,0.525,0.3013323469609847,7.0,1,11.0,0,4.0,0
LAA,2016,174290373.0,74,88,0.457,0.8253926344577739,7.0,1,21.0,0,14.0,0
LAA,2017,166161209.0,80,82,0.494,0.5591606221311303,10.0,1,14.0,0,4.0,0
LAA,2018,173717599.0,80,82,0.494,0.855304056252558,7.0,1,17.0,0,10.0,0
LAA,2019,157999465.0,72,90,0.444,0.4451989477051119,10.0,1,21.0,0,11.0,0
LAA,2020,67040893.0,26,34,0.433,0.24231007244392155,13.0,0,22.0,0,9.0,0
LAA,2021,182749560.0,77,85,0.475,0.9369555610423503,7.0,1,19.0,0,12.0,0
LAA,2022,177727811.0,73,89,0.451,0.4379361492038873,9.0,1,21.0,0,12.0,0
LAA,2023,227884276.0,73,89,0.451,0.8681846804508467,8.0,1,24.0,0,16.0,0
LAA,2024,172189987.0,63,99,0.389,0.08180941375682316,14.0,0,27.0,0,13.0,0
LAD,1985,10967917.0,95,67,0.586,0.3137236491213891,9.0,1,5.0,1,4.0,0
LAD,1986,15213776.0,73,89,0.451,1.046592213659329,5.0,1,20.0,0,15.0,0
LAD,1987,14474737.0,73,89,0.451,0.8169305017124262,4.0,1,22.0,0,18.0,0
LAD,1988,17141015.0,94,67,0.584,1.5067103574577136,2.0,1,3.0,1,1.0,1
LAD,1989,21071562.0,77,83,0.481,2.007047130989686,1.0,1,17.0,0,16.0,0
LAD,1990,22018704.0,86,76,0.531,1.1523961561305816,3.0,1,7.0,1,4.0,0
LAD,1991,32790664.0,93,69,0.574,1.335013763084277,4.0,1,4.0,1,0.0,1
LAD,1992,44788166.0,63,99,0.389,1.508080925596577,2.0,1,26.0,0,24.0,0
LAD,1993,39440999.0,81,81,0.5,0.7778039900903666,7.0,1,16.0,0,9.0,0
LAD,1994,38000001.0,58,56,0.509,0.5670354882177542,10.0,1,10.0,1,0.0,1
LAD,1995,39273201.0,78,66,0.542,0.5597033759551387,7.0,1,7.0,1,0.0,1
LAD,1996,35355000.0,90,72,0.556,0.10429412148802648,13.0,0,5.0,1,8.0,0
LAD,1997,45380304.0,88,74,0.543,0.39167113707022133,11.0,0,7.0,1,4.0,0
LAD,1998,48820000.0,83,79,0.512,0.3878071438787018,13.0,0,13.0,0,0.0,1
LAD,1999,81062453.0,77,85,0.475,1.4987669527153016,2.0,1,16.0,0,14.0,0
LAD,2000,88124286.0,86,76,0.531,1.5015510231630822,2.0,1,10.0,1,8.0,0
LAD,2001,109105953.0,86,76,0.531,1.752117662888697,3.0,1,11.0,0,8.0,0
LAD,2002,94850953.0,92,70,0.568,1.1022693185581507,5.0,1,11.0,0,6.0,0
LAD,2003,105872620.0,85,77,0.525,1.2449466358077341,4.0,1,14.0,0,10.0,0
LAD,2004,92902001.0,93,69,0.574,0.7158712574214394,6.0,1,5.0,1,1.0,1
LAD,2005,83039000.0,71,91,0.438,0.29474430753031305,11.0,0,25.0,0,14.0,0
LAD,2006,98447187.0,88,74,0.543,0.6326038217048905,7.0,1,8.0,1,1.0,1
LAD,2007,108454524.0,82,80,0.506,0.6992982886463853,6.0,1,16.0,0,10.0,0
LAD,2008,118588536.0,84,78,0.518,0.7516444446283476,8.0,1,15.0,0,7.0,0
LAD,2009,102117592.0,95,67,0.586,0.27172756004298965,9.0,1,4.0,1,5.0,0
LAD,2010,95358016.0,80,82,0.494,0.09005504802701304,11.0,0,19.0,0,8.0,0
LAD,2011,103785477.0,82,79,0.509,0.18828269971709788,12.0,0,13.0,0,1.0,1
LAD,2012,177033600.0,86,76,0.531,2.116525854100758,2.0,1,13.0,0,11.0,0
LAD,2013,254161000.0,92,70,0.568,2.8010638756120536,1.0,1,8.0,1,7.0,0
LAD,2014,230814600.0,94,68,0.58,2.4041642912423544,2.0,1,4.0,1,2.0,1
LAD,2015,301735080.0,92,70,0.568,3.591740566127251,1.0,1,6.0,1,5.0,0
LAD,2016,264470494.0,91,71,0.562,2.6347492891612885,1.0,1,6.0,1,5.0,0
LAD,2017,259311393.0,104,58,0.642,2.533147836371105,1.0,1,1.0,1,0.0,1
LAD,2018,199582045.0,92,71,0.564,1.4812791105690208,3.0,1,7.0,1,4.0,0
LAD,2019,207000814.0,106,56,0.654,1.5192365706648054,4.0,1,2.0,1,2.0,1
LAD,2020,124719080.0,43,17,0.717,2.6378244274248708,1.0,1,1.0,1,0.0,1
LAD,2021,265343390.0,106,56,0.654,2.434687538334218,1.0,1,2.0,1,1.0,1
LAD,2022,270381426.0,111,51,0.685,1.8904299693538325,1.0,1,1.0,1,0.0,1
LAD,2023,240278296.0,100,62,0.617,1.037707077522153,6.0,1,3.0,1,3.0,0
LAD,2024,240240117.0,98,64,0.605,1.0775852767138037,5.0,1,1.0,1,4.0,0
MIA,2012,107678000.0,69,93,0.426,0.2529420705058223,11.0,0,25.0,0,14.0,0
MIA,2013,24761900.0,62,100,0.383,-1.5055191034583257,29.0,0,29.0,0,0.0,1
MIA,2014,42365400.0,77,85,0.475,-1.4482576876025117,30.0,0,18.0,0,12.0,0
MIA,2015,72990525.0,71,91,0.438,-1.1260575040443819,30.0,0,24.0,0,6.0,0
MIA,2016,76365306.0,79,82,0.491,-1.1393571316102662,28.0,0,17.0,0,11.0,0
MIA,2017,110765599.0,77,85,0.475,-0.6147525272516352,20.0,0,18.0,0,2.0,1
MIA,2018,91665500.0,63,98,0.391,-1.1305326838154401,26.0,0,27.0,0,1.0,1
MIA,2019,75596271.0,57,105,0.352,-1.3609580747892378,27.0,0,28.0,0,1.0,1
MIA,2020,33901920.0,31,29,0.517,-1.1340314816140467,27.0,0,13.0,0,14.0,0
MIA,2021,58088180.0,67,95,0.414,-1.323616871054973,27.0,0,25.0,0,2.0,1
MIA,2022,88454422.0,69,93,0.426,-0.9615672142249664,25.0,0,22.0,0,3.0,0
MIA,2023,105435809.0,84,78,0.519,-0.8066357283871848,22.0,0,13.0,0,9.0,0
MIA,2024,96590305.0,62,100,0.383,-1.0244388561998001,27.0,0,28.0,0,1.0,1
MIL,1985,11284107.0,71,90,0.441,0.4414000580802208,7.0,1,21.0,0,14.0,0
MIL,1986,9943642.0,77,84,0.478,-0.6138215841661928,18.0,0,15.0,0,3.0,0
MIL,1987,7293224.0,91,71,0.562,-1.318569604011409,24.0,0,5.0,1,19.0,0
MIL,1988,9502000.0,87,75,0.537,-0.8654657055975555,21.0,0,8.0,1,13.0,0
MIL,1989,12716000.0,81,81,0.5,-0.522511336895432,17.0,0,14.0,0,3.0,0
MIL,1990,20149167.0,74,88,0.457,0.6576419748674786,9.0,1,22.0,0,13.0,0
MIL,1991,23115500.0,83,79,0.512,-0.06834188796754814,14.0,0,13.0,0,1.0,1
MIL,1992,31013667.0,92,70,0.568,0.0015060785657921444,13.0,0,5.0,1,8.0,0
MIL,1993,23806834.0,69,93,0.426,-0.9133867341268166,23.0,0,23.0,0,0.0,1
MIL,1994,24350500.0,53,62,0.461,-1.0294627066800799,23.0,0,20.0,0,3.0,0
MIL,1995,17798825.0,65,79,0.451,-1.7149636904136987,27.0,0,23.0,0,4.0,0
MIL,1996,21730000.0,80,82,0.494,-1.1699499476836512,25.0,0,17.0,0,8.0,0
MIL,1997,23655338.0,78,83,0.484,-1.2720194414273407,25.0,0,16.0,0,9.0,0
MIL,1998,34139904.0,74,88,0.457,-0.564979314142166,22.0,0,21.0,0,1.0,1
MIL,1999,43377395.0,74,87,0.46,-0.32657202289079534,19.0,0,20.0,0,1.0,1
MIL,2000,37305333.0,73,89,0.451,-0.8881261962327975,23.0,0,22.0,0,1.0,1
MIL,2001,43886833.0,68,94,0.42,-0.8766435250757065,23.0,0,23.0,0,0.0,1
MIL,2002,50287833.0,56,106,0.346,-0.7021938790051359,21.0,0,28.0,0,7.0,0
MIL,2003,40627000.0,68,94,0.42,-1.0817803075317904,28.0,0,26.0,0,2.0,1
MIL,2004,27528500.0,67,94,0.416,-1.2660121060692042,30.0,0,25.0,0,5.0,0
MIL,2005,39934833.0,81,81,0.5,-0.9666586639744403,27.0,0,15.0,0,12.0,0
MIL,2006,57970333.0,75,87,0.463,-0.6153624139568938,24.0,0,24.0,0,0.0,1
MIL,2007,70986500.0,83,79,0.512,-0.34190121523952616,19.0,0,14.0,0,5.0,0
MIL,2008,80937499.0,90,72,0.556,-0.2314949646964994,15.0,0,6.0,1,9.0,0
MIL,2009,81384502.0,80,82,0.494,-0.33539590864335267,17.0,0,17.0,0,0.0,1
MIL,2010,81108278.0,77,85,0.475,-0.28276811379669164,18.0,0,21.0,0,3.0,0
MIL,2011,86636333.0,96,66,0.593,-0.21314082140518167,17.0,0,3.0,1,14.0,0
MIL,2012,95717000.0,83,79,0.512,-0.0684497945429845,13.0,0,15.0,0,2.0,1
MIL,2013,86945000.0,74,88,0.457,-0.3381357961749436,18.0,0,21.0,0,3.0,0
MIL,2014,109567000.0,82,80,0.506,-0.07447143192437058,12.0,0,15.0,0,3.0,0
MIL,2015,93852267.0,68,94,0.42,-0.6957893993106168,24.0,0,26.0,0,2.0,1
MIL,2016,62161191.0,73,89,0.451,-1.424345771173347,30.0,0,22.0,0,8.0,0
MIL,2017,64576736.0,86,76,0.531,-1.5935613828764599,30.0,0,10.0,1,20.0,0
MIL,2018,108982016.0,96,67,0.589,-0.7114358648202878,22.0,0,5.0,1,17.0,0
MIL,2019,135889019.0,89,73,0.549,-0.03942956455112543,15.0,0,11.0,0,4.0,0
MIL,2020,41434086.0,29,31,0.483,-0.8212024431926511,23.0,0,16.0,0,7.0,0
MIL,2021,99377415.0,95,67,0.586,-0.5748901492475622,19.0,0,5.0,1,14.0,0
MIL,2022,130769325.0,86,76,0.531,-0.29821333312983184,19.0,0,12.0,0,7.0,0
MIL,2023,115413345.0,92,70,0.568,-0.670165412897517,21.0,0,5.0,1,16.0,0
MIL,2024,114223379.0,93,69,0.574,-0.7664145220958932,21.0,0,4.0,1,17.0,0
MIN,1985,5764821.0,77,85,0.475,-1.787268199918939,25.0,0,17.0,0,8.0,0
MIN,1986,9498167.0,71,91,0.438,-0.7541733924098397,22.0,0,24.0,0,2.0,1
MIN,1987,10585000.0,85,77,0.525,-0.3397246174439289,18.0,0,9.0,1,9.0,0
MIN,1988,13308966.0,91,71,0.562,0.31672776019158944,11.0,0,4.0,1,7.0,0
MIN,1989,16806666.0,80,82,0.494,0.7158947475294988,6.0,1,16.0,0,10.0,0
MIN,1990,15272000.0,74,88,0.457,-0.633051264136844,18.0,0,23.0,0,5.0,0
MIN,1991,23361833.0,95,67,0.586,-0.03261197087357958,13.0,0,2.0,1,11.0,0
MIN,1992,28027834.0,90,72,0.556,-0.32506702548935135,17.0,0,7.0,1,10.0,0
MIN,1993,28217933.0,71,91,0.438,-0.43622599593557376,20.0,0,22.0,0,2.0,1
MIN,1994,28438500.0,53,60,0.469,-0.5513144856760779,21.0,0,16.0,0,5.0,0
MIN,1995,25410500.0,56,88,0.389,-0.908699217704316,24.0,0,27.0,0,3.0,0
MIN,1996,23117000.0,78,84,0.481,-1.0402342395044868,23.0,0,18.0,0,5.0,0
MIN,1997,34072500.0,68,94,0.42,-0.4742766843577637,22.0,0,25.0,0,3.0,0
MIN,1998,28097500.0,70,92,0.432,-0.9571511844821913,24.0,0,24.0,0,0.0,1
MIN,1999,22107500.0,63,97,0.394,-1.3568150531801275,28.0,0,30.0,0,2.0,1
MIN,2000,17529500.0,69,93,0.426,-1.8180520373786644,30.0,0,26.0,0,4.0,0
MIN,2001,24130000.0,85,77,0.525,-1.6729743524081564,30.0,0,13.0,0,17.0,0
MIN,2002,40425000.0,94,67,0.584,-1.101562665845301,27.0,0,8.0,1,19.0,0
MIN,2003,55505000.0,90,72,0.556,-0.5512152908608561,18.0,0,8.0,1,10.0,0
MIN,2004,53890000.0,92,70,0.568,-0.46682868331418603,19.0,0,8.0,1,11.0,0
MIN,2005,56186000.0,83,79,0.512,-0.4910835219186853,20.0,0,12.0,0,8.0,0
MIN,2006,63396006.0,96,66,0.593,-0.44808022572799194,20.0,0,3.0,1,17.0,0
MIN,2007,71439500.0,79,83,0.488,-0.3293127911673008,18.0,0,17.0,0,1.0,1
MIN,2008,56932766.0,88,75,0.54,-0.8583037036595368,25.0,0,10.0,1,15.0,0
MIN,2009,67804266.0,87,76,0.534,-0.7330635976322655,24.0,0,11.0,0,13.0,0
MIN,2010,97559166.0,94,68,0.58,0.14764485793427223,10.0,1,4.0,1,6.0,0
MIN,2011,112737000.0,63,99,0.389,0.39781804924049513,9.0,1,29.0,0,20.0,0
MIN,2012,99066000.0,66,96,0.407,0.021537778072052205,12.0,0,27.0,0,15.0,0
MIN,2013,63042500.0,66,96,0.407,-0.7868651053013951,28.0,0,27.0,0,1.0,1
MIN,2014,87044000.0,70,92,0.432,-0.534903740628907,22.0,0,27.0,0,5.0,0
MIN,2015,106231818.0,83,79,0.512,-0.44046431925618096,21.0,0,13.0,0,8.0,0
MIN,2016,97244457.0,59,103,0.364,-0.7204418497555263,23.0,0,30.0,0,7.0,0
MIN,2017,120842831.0,85,77,0.525,-0.4012013964999243,19.0,0,11.0,0,8.0,0
MIN,2018,115509520.0,78,84,0.481,-0.5534562710972701,21.0,0,19.0,0,2.0,1
MIN,2019,125256003.0,101,61,0.623,-0.2724896631523372,18.0,0,4.0,1,14.0,0
MIN,2020,59679689.0,36,24,0.6,-0.06341850137451668,16.0,0,4.0,1,12.0,0
MIN,2021,121417939.0,73,89,0.451,-0.17521383455106657,17.0,0,23.0,0,6.0,0
MIN,2022,150363491.0,78,84,0.481,0.00895660326166426,15.0,0,18.0,0,3.0,0
MIN,2023,155999708.0,87,75,0.537,-0.11503499160029683,16.0,0,11.0,0,5.0,0
MIN,2024,129080051.0,82,80,0.506,-0.5490172095342741,19.0,0,17.0,0,2.0,1
MON,1985,9470166.0,84,77,0.522,-0.291062932347029,17.0,0,11.0,0,6.0,0
MON,1986,11103600.0,78,83,0.484,-0.24836403259386147,15.0,0,14.0,0,1.0,1
MON,1987,8877052.0,91,71,0.562,-0.8476013189928662,21.0,0,6.0,1,15.0,0
MON,1988,10046833.0,81,81,0.5,-0.696276379360784,19.0,0,16.0,0,3.0,0
MON,1989,13807389.0,81,81,0.5,-0.19210480209781214,16.0,0,15.0,0,1.0,1
MON,1990,17334888.0,85,77,0.525,-0.087128683584825,15.0,0,9.0,1,6.0,0
MON,1991,10732333.0,71,90,0.441,-1.8644858486661446,26.0,0,22.0,0,4.0,0
MON,1992,15822334.0,87,75,0.537,-1.6600338577083849,24.0,0,9.0,1,15.0,0
MON,1993,18899333.0,94,68,0.58,-1.4442446450089488,26.0,0,6.0,1,20.0,0
MON,1994,19098000.0,74,40,0.649,-1.6438153316369097,27.0,0,1.0,1,26.0,0
MON,1995,12473000.0,66,78,0.458,-2.2791001630517775,28.0,0,22.0,0,6.0,0
MON,1996,16264500.0,88,74,0.543,-1.681097174109912,28.0,0,8.0,1,20.0,0
MON,1997,19295500.0,78,84,0.481,-1.6058943669105683,26.0,0,18.0,0,8.0,0
MON,1998,10641500.0,65,97,0.401,-2.0901029316105664,30.0,0,28.0,0,2.0,1
MON,1999,17903000.0,68,94,0.42,-1.560467060905201,30.0,0,26.0,0,4.0,0
MON,2000,32994333.0,67,95,0.414,-1.0908438416123794,25.0,0,28.0,0,3.0,0
MON,2001,35159500.0,68,94,0.42,-1.2284126729090556,28.0,0,24.0,0,4.0,0
MON,2002,38670500.0,83,79,0.512,-1.1726064051554028,29.0,0,13.0,0,16.0,0
MON,2003,51948500.0,83,79,0.512,-0.67804379481234,20.0,0,18.0,0,2.0,1
MON,2004,41197500.0,67,95,0.414,-0.8516184560250738,26.0,0,27.0,0,1.0,1
NYM,1985,10834762.0,98,64,0.605,0.2599561288490426,11.0,0,3.0,1,8.0,0
NYM,1986,15393714.0,108,54,0.667,1.1032836636211572,4.0,1,1.0,1,3.0,0
NYM,1987,13846714.0,92,70,0.568,0.6301811101988273,7.0,1,4.0,1,3.0,0
NYM,1988,15401814.0,100,60,0.625,0.9666288180129308,3.0,1,2.0,1,1.0,1
NYM,1989,19885071.0,87,75,0.537,1.647849466473585,2.0,1,9.0,1,7.0,0
NYM,1990,21922834.0,91,71,0.562,1.127025123967167,4.0,1,5.0,1,1.0,1
NYM,1991,32590001.0,77,84,0.478,1.3059081525740042,5.0,1,19.0,0,14.0,0
NYM,1992,44602002.0,72,90,0.444,1.4877193865073777,3.0,1,22.0,0,19.0,0
NYM,1993,39043667.0,59,103,0.364,0.7348234923896795,9.0,1,28.0,0,19.0,0
NYM,1994,30956583.0,55,58,0.487,-0.2567898020189301,17.0,0,11.0,0,6.0,0
NYM,1995,27674992.0,69,75,0.479,-0.6688335576052425,22.0,0,16.0,0,6.0,0
NYM,1996,24479500.0,71,91,0.438,-0.912809832587319,21.0,0,24.0,0,3.0,0
NYM,1997,39800400.0,88,74,0.543,-0.03563603172906981,16.0,0,8.0,1,8.0,0
NYM,1998,52247999.0,88,74,0.543,0.6102955407739998,9.0,1,9.0,1,0.0,1
NYM,1999,68852092.0,97,66,0.595,0.9073376430000124,7.0,1,6.0,1,1.0,1
NYM,2000,79509776.0,94,68,0.58,1.0964679372668027,7.0,1,5.0,1,2.0,1
NYM,2001,93174428.0,82,80,0.506,1.1099720070582504,5.0,1,16.0,0,11.0,0
NYM,2002,94633593.0,75,86,0.466,1.0934679123589808,6.0,1,19.0,0,13.0,0
NYM,2003,117176429.0,66,95,0.41,1.648052268992978,2.0,1,27.0,0,25.0,0
NYM,2004,102035970.0,71,91,0.438,0.9927794989387366,3.0,1,22.0,0,19.0,0
NYM,2005,101305821.0,83,79,0.512,0.8293056711531255,3.0,1,13.0,0,10.0,0
NYM,2006,101584963.0,97,65,0.599,0.7293464811781265,5.0,1,1.0,1,4.0,0
NYM,2007,116181663.0,88,74,0.543,0.9140278749532981,3.0,1,10.0,1,7.0,0
NYM,2008,137793376.0,89,73,0.549,1.253118947276925,3.0,1,7.0,1,4.0,0
NYM,2009,151994237.0,70,92,0.432,1.7322566813093958,2.0,1,25.0,0,23.0,0
NYM,2010,134422942.0,79,83,0.488,1.1121306277835705,5.0,1,20.0,0,15.0,0
NYM,2011,151897309.0,77,85,0.475,1.3144742466003454,4.0,1,19.0,0,15.0,0
NYM,2012,91621424.0,74,88,0.457,-0.17849785148547526,15.0,0,21.0,0,6.0,0
NYM,2013,69059860.0,74,88,0.457,-0.6738992734609958,25.0,0,22.0,0,3.0,0
NYM,2014,82663615.0,79,83,0.488,-0.6244509047973003,23.0,0,17.0,0,6.0,0
NYM,2015,110398927.0,90,72,0.556,-0.354518759597308,19.0,0,7.0,1,12.0,0
NYM,2016,147744060.0,87,75,0.537,0.2927725009763337,11.0,0,9.0,1,2.0,1
NYM,2017,143315158.0,70,92,0.432,0.07501973659219893,14.0,0,25.0,0,11.0,0
NYM,2018,150187987.0,77,85,0.475,0.28583699131927887,12.0,0,20.0,0,8.0,0
NYM,2019,146538234.0,86,76,0.531,0.19398559234561047,12.0,0,12.0,0,0.0,1
NYM,2020,81945598.0,26,34,0.433,0.8613384545991432,6.0,1,23.0,0,17.0,0
NYM,2021,201189189.0,77,85,0.475,1.2713343155170909,3.0,1,20.0,0,17.0,0
NYM,2022,264342506.0,101,61,0.623,1.7957602257029246,2.0,1,4.0,1,2.0,1
NYM,2023,341673777.0,75,87,0.463,2.424569854193329,1.0,1,23.0,0,22.0,0
NYM,2024,314748899.0,89,73,0.549,2.167870434051836,1.0,1,10.0,1,9.0,0
NYY,1985,14238204.0,97,64,0.603,1.6342540277695148,3.0,1,4.0,1,1.0,1
NYY,1986,18494253.0,90,72,0.556,2.0801426460106267,1.0,1,5.0,1,4.0,0
NYY,1987,19457714.0,89,73,0.549,2.298672289316158,1.0,1,8.0,1,7.0,0
NYY,1988,20371152.0,85,76,0.528,2.50977864201916,1.0,1,11.0,0,10.0,0
NYY,1989,17114375.0,74,87,0.46,0.8090504091827139,5.0,1,19.0,0,14.0,0
NYY,1990,21312318.0,67,95,0.414,0.9654581992537087,6.0,1,25.0,0,19.0,0
NYY,1991,27344168.0,71,91,0.438,0.5450146540220263,7.0,1,23.0,0,16.0,0
NYY,1992,37652334.0,76,86,0.469,0.7276049893148017,6.0,1,17.0,0,11.0,0
NYY,1993,42624900.0,88,74,0.543,1.1222153378039037,3.0,1,7.0,1,4.0,0
NYY,1994,46040334.0,70,43,0.62,1.5074637955146646,2.0,1,2.0,1,0.0,1
NYY,1995,48874851.0,79,65,0.549,1.5767553749422267,2.0,1,5.0,1,3.0,0
NYY,1996,54191792.0,92,70,0.568,1.8659580105317333,2.0,1,3.0,1,1.0,1
NYY,1997,62241545.0,96,66,0.593,1.6828992933525746,1.0,1,3.0,1,2.0,1
NYY,1998,66806867.0,114,48,0.704,1.5552139033319392,2.0,1,1.0,1,1.0,1
NYY,1999,86934359.0,98,64,0.605,1.783182566004136,1.0,1,3.0,1,2.0,1
NYY,2000,93113260.0,87,74,0.54,1.7361492746453264,1.0,1,9.0,1,8.0,0
NYY,2001,112787143.0,95,65,0.594,1.9004939273571946,1.0,1,3.0,1,2.0,1
NYY,2002,125928583.0,103,58,0.64,2.3606740173873333,1.0,1,1.0,1,0.0,1
NYY,2003,152749814.0,101,61,0.624,2.9166363263640336,1.0,1,2.0,1,1.0,1
NYY,2004,184193950.0,101,61,0.624,3.4835063416084755,1.0,1,2.0,1,1.0,1
NYY,2005,208306817.0,95,67,0.586,3.960589342830814,1.0,1,5.0,1,4.0,0
NYY,2006,194663079.0,97,65,0.599,3.599093869327682,1.0,1,2.0,1,1.0,1
NYY,2007,207039045.0,94,68,0.58,3.438865081814614,1.0,1,4.0,1,3.0,0
NYY,2008,212286789.0,89,73,0.549,3.1982821058749704,1.0,1,8.0,1,7.0,0
NYY,2009,210330039.0,103,59,0.636,3.4404938258372817,1.0,1,1.0,1,0.0,1
NYY,2010,210733389.0,95,67,0.586,3.1086797664919623,1.0,1,3.0,1,2.0,1
NYY,2011,206275028.0,97,65,0.599,2.587336345815203,1.0,1,2.0,1,1.0,1
NYY,2012,197977900.0,95,67,0.586,2.6792988362211263,1.0,1,3.0,1,2.0,1
NYY,2013,246534750.0,85,77,0.525,2.6578938350838412,2.0,1,15.0,0,13.0,0
NYY,2014,258118959.0,84,78,0.518,2.962340779812594,1.0,1,13.0,0,12.0,0
NYY,2015,221242659.0,87,75,0.537,1.9316049250526792,2.0,1,9.0,1,7.0,0
NYY,2016,220743376.0,84,78,0.519,1.7574167787701587,2.0,1,15.0,0,13.0,0
NYY,2017,209044502.0,91,71,0.562,1.4679196653393176,3.0,1,8.0,1,5.0,0
NYY,2018,180098151.0,100,62,0.617,1.0097270964664877,6.0,1,3.0,1,3.0,0
NYY,2019,223019037.0,103,59,0.636,1.870332499778069,2.0,1,3.0,1,1.0,1
NYY,2020,111939081.0,33,27,0.55,2.1070402149956178,2.0,1,10.0,1,8.0,0
NYY,2021,203311013.0,92,70,0.568,1.3098108416085112,2.0,1,8.0,1,6.0,0
NYY,2022,252957200.0,99,63,0.611,1.617277318095746,3.0,1,5.0,1,2.0,1
NYY,2023,278651150.0,82,80,0.506,1.5625616600181682,2.0,1,16.0,0,14.0,0
NYY,2024,308574607.0,94,68,0.58,2.0775221724915953,2.0,1,3.0,1,1.0,1
OAK,1985,9058606.0,77,85,0.475,-0.45724941158766524,20.0,0,18.0,0,2.0,1
OAK,1986,9779421.0,76,86,0.469,-0.6655612200640096,21.0,0,17.0,0,4.0,0
OAK,1987,12730839.0,81,81,0.5,0.29836368113136136,10.0,1,12.0,0,2.0,1
OAK,1988,10653833.0,104,58,0.642,-0.5077820682127435,18.0,0,1.0,1,17.0,0
OAK,1989,16314265.0,99,63,0.611,0.5668255264352025,8.0,1,1.0,1,7.0,0
OAK,1990,20087501.0,103,59,0.636,0.6413226876098471,10.0,1,1.0,1,9.0,0
OAK,1991,36999167.0,84,78,0.518,1.94544542786211,1.0,1,10.0,1,9.0,0
OAK,1992,41035000.0,96,66,0.593,1.097581386387845,5.0,1,2.0,1,3.0,0
OAK,1993,37812333.0,68,94,0.42,0.6016266993909334,11.0,0,24.0,0,13.0,0
OAK,1994,34172500.0,51,63,0.447,0.11935623331534755,13.0,0,23.0,0,10.0,0
OAK,1995,37739225.0,67,77,0.465,0.3972174118554041,9.0,1,20.0,0,11.0,0
OAK,1996,21243000.0,78,84,0.481,-1.2154954054221179,26.0,0,19.0,0,7.0,0
OAK,1997,24018500.0,65,97,0.401,-1.2442086177939076,24.0,0,28.0,0,4.0,0
OAK,1998,21473000.0,74,88,0.457,-1.3871029975465772,28.0,0,22.0,0,6.0,0
OAK,1999,24831833.0,87,75,0.537,-1.2248574160861396,27.0,0,10.0,1,17.0,0
OAK,2000,33172333.0,91,70,0.565,-1.0824736859924384,24.0,0,6.0,1,18.0,0
OAK,2001,33810750.0,102,60,0.63,-1.2827762039144877,29.0,0,2.0,1,27.0,0
OAK,2002,40004167.0,103,59,0.636,-1.118603161681772,28.0,0,2.0,1,26.0,0
OAK,2003,50260834.0,96,66,0.593,-0.7382277267537951,23.0,0,4.0,1,19.0,0
OAK,2004,59425667.0,91,71,0.562,-0.2990076829806692,16.0,0,9.0,1,7.0,0
OAK,2005,55425762.0,88,74,0.543,-0.5133311731086696,22.0,0,9.0,1,13.0,0
OAK,2006,64843079.0,93,69,0.574,-0.40346464753760675,19.0,0,5.0,1,14.0,0
OAK,2007,79366940.0,76,86,0.469,-0.10901703724429353,17.0,0,19.0,0,2.0,1
OAK,2008,47967126.0,75,86,0.466,-1.092413431203541,28.0,0,19.0,0,9.0,0
OAK,2009,65945000.0,75,87,0.463,-0.7875081605570674,26.0,0,20.0,0,6.0,0
OAK,2010,57904900.0,81,81,0.5,-0.8898499247710822,26.0,0,16.0,0,10.0,0
OAK,2011,67094000.0,74,88,0.457,-0.6705836024445222,22.0,0,20.0,0,2.0,1
OAK,2012,61202500.0,94,68,0.58,-0.9958538181385904,28.0,0,5.0,1,23.0,0
OAK,2013,69440000.0,96,66,0.593,-0.6667627831536501,24.0,0,4.0,1,20.0,0
OAK,2014,89160900.0,88,74,0.543,-0.491628459614094,20.0,0,8.0,1,12.0,0
OAK,2015,80491339.0,68,94,0.42,-0.9713551295379533,26.0,0,27.0,0,1.0,1
OAK,2016,83109288.0,69,93,0.426,-1.004047169995769,27.0,0,25.0,0,2.0,1
OAK,2017,73477080.0,75,87,0.463,-1.404950212142353,29.0,0,21.0,0,8.0,0
OAK,2018,77673582.0,97,65,0.599,-1.4691671022770416,28.0,0,4.0,1,24.0,0
OAK,2019,98644531.0,97,65,0.599,-0.8557740566154323,25.0,0,6.0,1,19.0,0
OAK,2020,36720178.0,36,24,0.6,-1.0169824229284832,25.0,0,5.0,1,20.0,0
OAK,2021,89767668.0,86,76,0.531,-0.7491504466037278,23.0,0,13.0,0,10.0,0
OAK,2022,48443900.0,60,102,0.37,-1.5887962321750315,29.0,0,29.0,0,0.0,1
OAK,2023,62243227.0,50,112,0.309,-1.3974133805403162,30.0,0,30.0,0,0.0,1
OAK,2024,62132581.0,69,93,0.426,-1.5286578760846035,30.0,0,26.0,0,4.0,0
PHI,1985,10644966.0,75,87,0.463,0.18331717216239718,12.0,0,19.0,0,7.0,0
PHI,1986,11590166.0,86,75,0.534,-0.09506605194426644,13.0,0,8.0,1,5.0,0
PHI,1987,12482997.0,80,82,0.494,0.22466519764984338,12.0,0,13.0,0,1.0,1
PHI,1988,13900500.0,65,96,0.404,0.5004193480839205,9.0,1,24.0,0,15.0,0
PHI,1989,10779000.0,67,95,0.414,-1.1089177033724535,23.0,0,24.0,0,1.0,1
PHI,1990,13740167.0,77,85,0.475,-1.038435475172412,23.0,0,16.0,0,7.0,0
PHI,1991,22487332.0,78,84,0.481,-0.1594559106972841,15.0,0,18.0,0,3.0,0
PHI,1992,24492834.0,70,92,0.432,-0.7117048323710263,21.0,0,24.0,0,3.0,0
PHI,1993,28538334.0,97,65,0.599,-0.4015673365680981,19.0,0,3.0,1,16.0,0
PHI,1994,31599000.0,54,61,0.47,-0.18165023604712777,16.0,0,15.0,0,1.0,1
PHI,1995,30555945.0,69,75,0.479,-0.363669444391592,19.0,0,17.0,0,2.0,1
PHI,1996,34314500.0,67,95,0.414,0.006983959728530651,14.0,0,27.0,0,13.0,0
PHI,1997,36656500.0,68,94,0.42,-0.2763948347457689,18.0,0,26.0,0,8.0,0
PHI,1998,36297500.0,75,87,0.463,-0.4249442455240866,21.0,0,20.0,0,1.0,1
PHI,1999,31897500.0,77,85,0.475,-0.8826199870299392,23.0,0,17.0,0,6.0,0
PHI,2000,47513000.0,65,97,0.401,-0.4081275372073138,20.0,0,30.0,0,10.0,0
PHI,2001,41663833.0,86,76,0.531,-0.9662451038894787,24.0,0,12.0,0,12.0,0
PHI,2002,57954999.0,80,81,0.497,-0.3917326977276913,17.0,0,15.0,0,2.0,1
PHI,2003,70780000.0,86,76,0.531,-0.00649283961414805,15.0,0,12.0,0,3.0,0
PHI,2004,93219167.0,86,76,0.531,0.7254865603997039,5.0,1,14.0,0,9.0,0
PHI,2005,95522000.0,88,74,0.543,0.6600475807218316,4.0,1,10.0,1,6.0,0
PHI,2006,88273333.0,85,77,0.525,0.3189276086634178,12.0,0,12.0,0,0.0,1
PHI,2007,89428213.0,89,73,0.549,0.17057583522906447,13.0,0,7.0,1,6.0,0
PHI,2008,97879880.0,92,70,0.568,0.21090247707639276,12.0,0,5.0,1,7.0,0
PHI,2009,115479046.0,93,69,0.574,0.6629886937752506,7.0,1,5.0,1,2.0,1
PHI,2010,141928379.0,97,65,0.599,1.3084992033467577,4.0,1,1.0,1,3.0,0
PHI,2011,172976379.0,102,60,0.63,1.8078886410087782,2.0,1,1.0,1,1.0,1
PHI,2012,171501558.0,81,81,0.5,1.967879980352047,3.0,1,17.0,0,14.0,0
PHI,2013,150860000.0,73,89,0.451,0.8617610260326558,5.0,1,24.0,0,19.0,0
PHI,2014,176444967.0,73,89,0.451,1.2926988716442394,3.0,1,24.0,0,21.0,0
PHI,2015,141722639.0,63,99,0.389,0.29152480644172635,8.0,1,30.0,0,22.0,0
PHI,2016,103898809.0,71,91,0.438,-0.5869302072734803,19.0,0,23.0,0,4.0,0
PHI,2017,104020808.0,66,96,0.407,-0.7576844102065938,22.0,0,28.0,0,6.0,0
PHI,2018,104297471.0,80,82,0.494,-0.8248118988873973,23.0,0,18.0,0,5.0,0
PHI,2019,158976752.0,81,81,0.5,0.4666196438257312,9.0,1,16.0,0,7.0,0
PHI,2020,73543547.0,28,32,0.467,0.5123809920183231,8.0,1,18.0,0,10.0,0
PHI,2021,190513223.0,82,80,0.506,1.0777395195537514,5.0,1,15.0,0,10.0,0
PHI,2022,244484097.0,87,75,0.537,1.4844478570434823,4.0,1,11.0,0,7.0,0
PHI,2023,245419295.0,90,72,0.556,1.1080244139328728,5.0,1,7.0,1,2.0,1
PHI,2024,246299605.0,95,67,0.586,1.1662536141920343,4.0,1,2.0,1,2.0,1
PIT,1985,9267500.0,57,104,0.354,-0.3728987497291429,19.0,0,26.0,0,7.0,0
PIT,1986,10938500.0,64,98,0.395,-0.30038060712896697,16.0,0,26.0,0,10.0,0
PIT,1987,8789500.0,80,82,0.494,-0.873635847546436,22.0,0,14.0,0,8.0,0
PIT,1988,7128500.0,85,75,0.531,-1.6025188316434766,25.0,0,10.0,1,15.0,0
PIT,1989,13992500.0,74,88,0.457,-0.13606439481597019,15.0,0,20.0,0,5.0,0
PIT,1990,15556000.0,95,67,0.586,-0.5578935178720088,17.0,0,2.0,1,15.0,0
PIT,1991,23634667.0,98,64,0.605,0.00696184262447313,11.0,0,1.0,1,10.0,0
PIT,1992,33944167.0,96,66,0.593,0.3220271798576588,10.0,1,3.0,1,7.0,0
PIT,1993,24822467.0,75,87,0.463,-0.803522912886036,22.0,0,19.0,0,3.0,0
PIT,1994,24217250.0,53,61,0.465,-1.0450481397644202,24.0,0,17.0,0,7.0,0
PIT,1995,18355345.0,58,86,0.403,-1.656014470386277,26.0,0,26.0,0,0.0,1
PIT,1996,23017500.0,73,89,0.451,-1.0495397283032084,24.0,0,23.0,0,1.0,1
PIT,1997,10771667.0,79,83,0.488,-2.258646626904283,28.0,0,15.0,0,13.0,0
PIT,1998,15065000.0,69,93,0.426,-1.8030032493567643,29.0,0,25.0,0,4.0,0
PIT,1999,25047666.0,78,83,0.484,-1.2144031828162323,26.0,0,14.0,0,12.0,0
PIT,2000,31328334.0,69,93,0.426,-1.1691846893239863,27.0,0,27.0,0,0.0,1
PIT,2001,57760833.0,62,100,0.383,-0.31742971290194316,18.0,0,29.0,0,11.0,0
PIT,2002,42323599.0,72,89,0.447,-1.0246840266829071,24.0,0,22.0,0,2.0,1
PIT,2003,54812429.0,75,87,0.463,-0.5759130959529926,19.0,0,20.0,0,1.0,1
PIT,2004,32227929.0,72,89,0.447,-1.1235427567069072,28.0,0,20.0,0,8.0,0
PIT,2005,38133000.0,67,95,0.414,-1.019387614759067,28.0,0,28.0,0,0.0,1
PIT,2006,46717750.0,67,95,0.414,-0.9622975697370785,27.0,0,27.0,0,0.0,1
PIT,2007,38537833.0,68,94,0.42,-1.243617729090354,27.0,0,29.0,0,2.0,1
PIT,2008,48689783.0,67,95,0.414,-1.0735434973920375,27.0,0,27.0,0,0.0,1
PIT,2009,51912500.0,62,99,0.385,-1.1984194176027416,28.0,0,29.0,0,1.0,1
PIT,2010,37443000.0,57,105,0.352,-1.425205048838659,30.0,0,30.0,0,0.0,1
PIT,2011,45047000.0,72,90,0.444,-1.186655096752512,28.0,0,23.0,0,5.0,0
PIT,2012,70077000.0,79,83,0.488,-0.757396155202746,24.0,0,18.0,0,6.0,0
PIT,2013,96205000.0,94,68,0.58,-0.16429484219477666,14.0,0,5.0,1,9.0,0
PIT,2014,80729000.0,88,74,0.543,-0.6639997771013639,24.0,0,9.0,1,15.0,0
PIT,2015,99435606.0,98,64,0.605,-0.5806344573304065,23.0,0,2.0,1,21.0,0
PIT,2016,99518136.0,78,83,0.484,-0.6748231903027447,21.0,0,18.0,0,3.0,0
PIT,2017,100503030.0,75,87,0.463,-0.8322312172696337,24.0,0,22.0,0,2.0,1
PIT,2018,91025861.0,82,79,0.509,-1.1460133191929747,27.0,0,14.0,0,13.0,0
PIT,2019,72176474.0,69,93,0.426,-1.4359150038502049,29.0,0,24.0,0,5.0,0
PIT,2020,25343022.0,19,41,0.317,-1.4895031787708546,29.0,0,30.0,0,1.0,1
PIT,2021,54356609.0,61,101,0.377,-1.3912840710411583,28.0,0,27.0,0,1.0,1
PIT,2022,56184032.0,62,100,0.383,-1.4674572655611025,28.0,0,28.0,0,0.0,1
PIT,2023,74670975.0,76,86,0.469,-1.2274296600720476,28.0,0,22.0,0,6.0,0
PIT,2024,84050989.0,76,86,0.469,-1.2079263559413917,29.0,0,23.0,0,6.0,0
SD,2015,107915272.0,74,88,0.457,-0.4057435101316852,20.0,0,23.0,0,3.0,0
SD,2016,83435559.0,68,94,0.42,-0.9975009312178594,26.0,0,28.0,0,2.0,1
SD,2017,76921678.0,71,91,0.438,-1.331954195191956,28.0,0,24.0,0,4.0,0
SD,2018,101760815.0,66,96,0.407,-0.8862044134373775,24.0,0,25.0,0,1.0,1
SD,2019,103699790.0,70,92,0.432,-0.7449702018112391,24.0,0,23.0,0,1.0,1
SD,2020,72861614.0,37,23,0.617,0.48405866817975957,11.0,0,3.0,1,8.0,0
SD,2021,179767346.0,79,83,0.488,0.8828769782846856,8.0,1,17.0,0,9.0,0
SD,2022,224511694.0,89,73,0.549,1.1713484498477216,5.0,1,10.0,1,5.0,0
SD,2023,253450531.0,82,80,0.506,1.217873710461793,3.0,1,17.0,0,14.0,0
SD,2024,170855090.0,93,69,0.574,0.062275899094416415,15.0,0,5.0,1,10.0,0
SDP,1985,11191583.0,83,79,0.512,0.4040391925800249,8.0,1,14.0,0,6.0,0
SDP,1986,11380693.0,74,88,0.457,-0.16106282915560594,14.0,0,18.0,0,4.0,0
SDP,1987,12065796.0,65,97,0.401,0.10060599458106251,15.0,0,25.0,0,10.0,0
SDP,1988,10723502.0,83,78,0.515,-0.4861474550935132,17.0,0,13.0,0,4.0,0
SDP,1989,15295000.0,89,73,0.549,0.25825377365915647,12.0,0,6.0,1,6.0,0
SDP,1990,17788334.0,75,87,0.463,0.03287124392504989,14.0,0,21.0,0,7.0,0
SDP,1991,22150001.0,84,78,0.518,-0.20838483480905762,16.0,0,11.0,0,5.0,0
SDP,1992,26854167.0,82,80,0.506,-0.4534359179615988,20.0,0,12.0,0,8.0,0
SDP,1993,25511333.0,61,101,0.377,-0.7290063787808506,21.0,0,27.0,0,6.0,0
SDP,1994,14916333.0,47,70,0.402,-2.1329192056293613,28.0,0,28.0,0,0.0,1
SDP,1995,26382334.0,70,74,0.486,-0.8057579823558481,23.0,0,15.0,0,8.0,0
SDP,1996,28348172.0,91,71,0.562,-0.5510019535729679,20.0,0,4.0,1,16.0,0
SDP,1997,37363672.0,76,86,0.469,-0.22223984118779153,17.0,0,21.0,0,4.0,0
SDP,1998,46861500.0,98,64,0.605,0.2606940597385252,14.0,0,4.0,1,10.0,0
SDP,1999,49768179.0,74,88,0.457,-0.01702368360258636,16.0,0,21.0,0,5.0,0
SDP,2000,55021000.0,76,86,0.469,-0.05507625409205039,16.0,0,20.0,0,4.0,0
SDP,2001,39182833.0,79,83,0.488,-1.066245786317265,25.0,0,18.0,0,7.0,0
SDP,2002,41425000.0,66,96,0.407,-1.0610703664380046,26.0,0,26.0,0,0.0,1
SDP,2003,45210000.0,64,98,0.395,-0.9183457416356423,27.0,0,28.0,0,1.0,1
SDP,2004,55384833.0,87,75,0.537,-0.4215108617415459,17.0,0,13.0,0,4.0,0
SDP,2005,63290833.0,82,80,0.506,-0.2831672557663889,16.0,0,14.0,0,2.0,1
SDP,2006,69896141.0,88,74,0.543,-0.2476706532043118,17.0,0,9.0,1,8.0,0
SDP,2007,58110567.0,89,74,0.546,-0.6997107183952901,24.0,0,8.0,1,16.0,0
SDP,2008,73677616.0,63,99,0.389,-0.421064167913598,19.0,0,28.0,0,9.0,0
SDP,2009,50954200.0,75,87,0.463,-1.2264811498405375,29.0,0,21.0,0,8.0,0
SDP,2010,37799300.0,90,72,0.556,-1.415882990246579,29.0,0,8.0,1,21.0,0
SDP,2011,45869140.0,71,91,0.438,-1.167410618214372,27.0,0,26.0,0,1.0,1
SDP,2012,55494700.0,76,86,0.469,-1.1492223063356959,29.0,0,19.0,0,10.0,0
SDP,2013,65988600.0,76,86,0.469,-0.7315570238196488,27.0,0,18.0,0,9.0,0
SDP,2014,76662100.0,77,85,0.475,-0.747138442300071,26.0,0,19.0,0,7.0,0
SEA,1985,4613000.0,74,88,0.457,-2.2523694651182513,26.0,0,20.0,0,6.0,0
SEA,1986,5958309.0,67,95,0.414,-1.8694446673988734,26.0,0,25.0,0,1.0,1
SEA,1987,4623000.0,78,84,0.481,-2.112589420491073,26.0,0,16.0,0,10.0,0
SEA,1988,7754950.0,68,93,0.422,-1.4079846286472824,24.0,0,23.0,0,1.0,1
SEA,1989,10099500.0,73,89,0.451,-1.3146291778283832,24.0,0,22.0,0,2.0,1
SEA,1990,12867667.0,77,85,0.475,-1.269333832975471,24.0,0,17.0,0,7.0,0
SEA,1991,15691833.0,83,79,0.512,-1.1451241560486836,24.0,0,14.0,0,10.0,0
SEA,1992,23304833.0,64,98,0.395,-0.8416414946661428,23.0,0,25.0,0,2.0,1
SEA,1993,33646333.0,82,80,0.506,0.1509789956543549,15.0,0,15.0,0,0.0,1
SEA,1994,29228500.0,49,63,0.438,-0.45891304375015773,20.0,0,25.0,0,5.0,0
SEA,1995,36481311.0,79,66,0.545,0.26397323525514854,12.0,0,6.0,1,6.0,0
SEA,1996,41328501.0,85,76,0.528,0.6629508716855373,8.0,1,10.0,1,2.0,1
SEA,1997,41540661.0,90,72,0.556,0.09763256946582946,15.0,0,5.0,1,10.0,0
SEA,1998,54802036.0,76,85,0.472,0.7760609326954316,7.0,1,19.0,0,12.0,0
SEA,1999,54125003.0,79,83,0.488,0.1940063924836985,14.0,0,13.0,0,1.0,1
SEA,2000,60495000.0,91,71,0.562,0.2023295428942245,14.0,0,7.0,1,7.0,0
SEA,2001,74720834.0,116,46,0.716,0.36617031691504104,11.0,0,1.0,1,10.0,0
SEA,2002,80282668.0,93,69,0.574,0.512365960487323,8.0,1,10.0,1,2.0,1
SEA,2003,86959167.0,93,69,0.574,0.5704731510483625,7.0,1,6.0,1,1.0,1
SEA,2004,81515834.0,63,99,0.389,0.3706846817288485,11.0,0,28.0,0,17.0,0
SEA,2005,87754334.0,69,93,0.426,0.43273412923913757,8.0,1,26.0,0,18.0,0
SEA,2006,87959833.0,78,84,0.481,0.30926190156869227,13.0,0,20.0,0,7.0,0
SEA,2007,106460833.0,88,74,0.543,0.6438955783219282,7.0,1,11.0,0,4.0,0
SEA,2008,117666482.0,61,101,0.377,0.7275678800193671,9.0,1,29.0,0,20.0,0
SEA,2009,100134166.0,85,77,0.525,0.21364724143140415,11.0,0,14.0,0,3.0,0
SEA,2010,86510000.0,61,101,0.377,-0.1414401065496345,15.0,0,29.0,0,14.0,0
SEA,2011,86110600.0,67,95,0.414,-0.22544706782950344,18.0,0,28.0,0,10.0,0
SEA,2012,78235600.0,75,87,0.463,-0.5381747129999873,21.0,0,20.0,0,1.0,1
SEA,2013,78887000.0,71,91,0.438,-0.48941121811578436,21.0,0,25.0,0,4.0,0
SEA,2014,95471000.0,87,75,0.537,-0.3626325926711248,16.0,0,11.0,0,5.0,0
SEA,2015,126045473.0,76,86,0.469,-0.031812741420605674,14.0,0,21.0,0,7.0,0
SEA,2016,147003780.0,86,76,0.531,0.2779196650132513,12.0,0,12.0,0,0.0,1
SEA,2017,160741810.0,78,84,0.481,0.4443157138820504,11.0,0,16.0,0,5.0,0
SEA,2018,160243827.0,89,73,0.549,0.5292098820511221,10.0,1,12.0,0,2.0,1
SEA,2019,144388309.0,68,94,0.42,0.1468623930120244,13.0,0,25.0,0,12.0,0
SEA,2020,50563459.0,27,33,0.45,-0.4420375420234189,21.0,0,19.0,0,2.0,1
SEA,2021,83822113.0,90,72,0.556,-0.8569653747436088,24.0,0,10.0,1,14.0,0
SEA,2022,110826407.0,90,72,0.556,-0.6108505157239174,22.0,0,9.0,1,13.0,0
SEA,2023,124766903.0,88,74,0.543,-0.5422297170292278,18.0,0,10.0,1,8.0,0
SEA,2024,147930632.0,85,77,0.525,-0.27317712572377356,16.0,0,14.0,0,2.0,1
SF,2015,180163630.0,84,78,0.519,1.0843604354921539,4.0,1,12.0,0,8.0,0
SF,2016,178834344.0,87,75,0.537,0.9165619972448318,6.0,1,10.0,1,4.0,0
SF,2017,188406809.0,64,98,0.395,1.0305770819536548,4.0,1,30.0,0,26.0,0
SF,2018,205665348.0,73,89,0.451,1.6285080875920932,2.0,1,21.0,0,19.0,0
SF,2019,178054110.0,77,85,0.475,0.8847673205084913,5.0,1,18.0,0,13.0,0
SF,2020,73408817.0,29,31,0.483,0.506785329848037,9.0,1,17.0,0,8.0,0
SF,2021,171191545.0,107,55,0.66,0.7273659505409477,9.0,1,1.0,1,8.0,0
SF,2022,161717317.0,81,81,0.5,0.18694601144673909,12.0,0,16.0,0,4.0,0
SF,2023,187398165.0,79,83,0.488,0.3144254816747451,12.0,0,18.0,0,6.0,0
SF,2024,201967381.0,80,82,0.494,0.5175412809400308,10.0,1,19.0,0,9.0,0
SFG,1985,8221714.0,62,100,0.383,-0.7951834551892167,22.0,0,24.0,0,2.0,1
SFG,1986,8947000.0,83,79,0.512,-0.9278246300645369,23.0,0,12.0,0,11.0,0
SFG,1987,8532500.0,90,72,0.556,-0.9500575607941911,23.0,0,7.0,1,16.0,0
SFG,1988,12822500.0,83,79,0.512,0.16566338858212873,14.0,0,14.0,0,0.0,1
SFG,1989,15040834.0,92,70,0.568,0.18130769180990577,14.0,0,4.0,1,10.0,0
SFG,1990,21565333.0,85,77,0.525,1.0324160766170793,5.0,1,10.0,1,5.0,0
SFG,1991,30967666.0,75,87,0.463,1.070592969270738,6.0,1,20.0,0,14.0,0
SFG,1992,33163168.0,72,90,0.444,0.2366060368486683,12.0,0,23.0,0,11.0,0
SFG,1993,35159000.0,103,59,0.636,0.3146083547681569,14.0,0,2.0,1,12.0,0
SFG,1994,42638666.0,55,60,0.478,1.1095916079788914,4.0,1,12.0,0,8.0,0
SFG,1995,36462777.0,67,77,0.465,0.2620100266660803,13.0,0,21.0,0,8.0,0
SFG,1996,37144725.0,68,94,0.42,0.27167367867689113,12.0,0,26.0,0,14.0,0
SFG,1997,35592378.0,90,72,0.556,-0.35788493906961377,19.0,0,6.0,1,13.0,0
SFG,1998,42738334.0,89,74,0.546,-0.006912959246368968,15.0,0,8.0,1,7.0,0
SFG,1999,46798057.0,86,76,0.531,-0.1608865230575537,17.0,0,11.0,0,6.0,0
SFG,2000,53737826.0,97,65,0.599,-0.11541538930251191,17.0,0,1.0,1,16.0,0
SFG,2001,63280167.0,90,72,0.556,-0.09496410768352986,16.0,0,8.0,1,8.0,0
SFG,2002,78299835.0,95,66,0.59,0.4320764929766549,10.0,1,7.0,1,3.0,0
SFG,2003,82852167.0,100,61,0.621,0.42401324222543413,9.0,1,3.0,1,6.0,0
SFG,2004,82019166.0,91,71,0.562,0.38594385099243855,10.0,1,10.0,1,0.0,1
SFG,2005,90199500.0,75,87,0.463,0.5042896161650858,7.0,1,21.0,0,14.0,0
SFG,2006,90056419.0,76,85,0.472,0.37390300579485564,10.0,1,21.0,0,11.0,0
SFG,2007,90219056.0,71,91,0.438,0.19255258370268682,12.0,0,26.0,0,14.0,0
SFG,2008,76594500.0,72,90,0.444,-0.34489883911192126,17.0,0,25.0,0,8.0,0
SFG,2009,85444450.0,88,74,0.543,-0.21650915744292004,14.0,0,8.0,1,6.0,0
SFG,2010,98641333.0,92,70,0.568,0.17595814499690265,9.0,1,5.0,1,4.0,0
SFG,2011,124198333.0,86,76,0.531,0.6661024982844229,8.0,1,12.0,0,4.0,0
SFG,2012,117637350.0,94,68,0.58,0.5205496343528112,8.0,1,6.0,1,2.0,1
SFG,2013,139845667.0,76,86,0.469,0.654985415214596,6.0,1,19.0,0,13.0,0
SFG,2014,163510167.0,88,74,0.543,1.028275845109966,5.0,1,10.0,1,5.0,0
STL,1985,11817083.0,101,61,0.624,0.6566138907164277,6.0,1,1.0,1,5.0,0
STL,1986,9875010.0,79,82,0.491,-0.6354448521461646,19.0,0,13.0,0,6.0,0
STL,1987,11758000.0,95,67,0.586,0.009079544577926184,16.0,0,3.0,1,13.0,0
STL,1988,13192500.0,76,86,0.469,0.28056107412541537,12.0,0,19.0,0,7.0,0
STL,1989,16078833.0,86,76,0.531,0.495550965943505,9.0,1,11.0,0,2.0,1
STL,1990,21048334.0,70,92,0.432,0.8955974862608345,7.0,1,24.0,0,17.0,0
STL,1991,21860001.0,84,78,0.518,-0.25044852890303154,17.0,0,12.0,0,5.0,0
STL,1992,27583836.0,83,79,0.512,-0.3736289527820953,18.0,0,11.0,0,7.0,0
STL,1993,23367334.0,87,75,0.537,-0.9609286606251907,24.0,0,8.0,1,16.0,0
STL,1994,29275601.0,53,61,0.465,-0.45340392942591373,19.0,0,18.0,0,1.0,1
STL,1995,37101000.0,62,81,0.434,0.32961361333603145,10.0,1,24.0,0,14.0,0
STL,1996,40269667.0,88,74,0.543,0.563926068402064,10.0,1,9.0,1,1.0,1
STL,1997,45456667.0,73,89,0.451,0.3975189898883021,10.0,1,23.0,0,13.0,0
STL,1998,54672521.0,83,79,0.512,0.7676549837077293,8.0,1,14.0,0,6.0,0
STL,1999,49988195.0,75,86,0.466,-0.006366839713505679,15.0,0,19.0,0,4.0,0
STL,2000,61653863.0,95,67,0.586,0.2568231589177732,11.0,0,4.0,1,7.0,0
STL,2001,79373333.0,93,69,0.574,0.5536967477875091,9.0,1,5.0,1,4.0,0
STL,2002,74660875.0,97,65,0.599,0.2847266351254789,13.0,0,6.0,1,7.0,0
STL,2003,83786666.0,85,77,0.525,0.4573384524360788,8.0,1,15.0,0,7.0,0
STL,2004,84340333.0,105,57,0.648,0.456313070795788,9.0,1,1.0,1,8.0,0
STL,2005,92106833.0,100,62,0.617,0.5601059253829179,6.0,1,1.0,1,5.0,0
STL,2006,88891371.0,83,78,0.515,0.3379827100395262,11.0,0,13.0,0,2.0,1
STL,2007,90286823.0,78,84,0.481,0.19443576192366363,11.0,0,18.0,0,7.0,0
STL,2008,99624449.0,86,76,0.531,0.256456455740684,11.0,0,12.0,0,1.0,1
STL,2009,90928409.0,91,71,0.562,-0.055923339785557566,13.0,0,7.0,1,6.0,0
STL,2010,93540751.0,86,76,0.531,0.04250901713356401,12.0,0,12.0,0,0.0,1
STL,2011,105433572.0,90,72,0.556,0.22686095750326044,11.0,0,9.0,1,2.0,1
STL,2012,112071000.0,88,74,0.543,0.3709819052319663,9.0,1,12.0,0,3.0,0
STL,2013,112583000.0,97,65,0.599,0.14317461183191602,10.0,1,2.0,1,8.0,0
STL,2014,129932500.0,90,72,0.556,0.34185561966388306,9.0,1,6.0,1,3.0,0
STL,2015,132178951.0,100,62,0.617,0.09468867703650324,12.0,0,1.0,1,11.0,0
STL,2016,149355870.0,86,76,0.531,0.32511154773385215,9.0,1,13.0,0,4.0,0
STL,2017,145256085.0,83,79,0.512,0.11615078880539854,13.0,0,12.0,0,1.0,1
STL,2018,162334311.0,88,74,0.543,0.5798040774747432,9.0,1,13.0,0,4.0,0
STL,2019,173544423.0,91,71,0.562,0.785921602898304,6.0,1,10.0,1,4.0,0
STL,2020,73246343.0,30,28,0.517,0.5000373923771319,10.0,1,14.0,0,4.0,0
STL,2021,151469994.0,90,72,0.556,0.3697412033353464,10.0,1,11.0,0,1.0,1
STL,2022,155378325.0,93,69,0.574,0.08757215856490666,13.0,0,6.0,1,7.0,0
STL,2023,153793028.0,71,91,0.438,-0.14521742499715354,17.0,0,25.0,0,8.0,0
STL,2024,175932759.0,83,79,0.512,0.13657730351913844,12.0,0,16.0,0,4.0,0
TB,2015,73241552.0,80,82,0.494,-1.1208801362326717,29.0,0,17.0,0,12.0,0
TB,2016,62408549.0,68,94,0.42,-1.4193828276949927,29.0,0,29.0,0,0.0,1
TB,2017,77811205.0,80,82,0.494,-1.3131038306589,27.0,0,15.0,0,12.0,0
TB,2018,68810167.0,90,72,0.556,-1.6836807510926532,30.0,0,11.0,0,19.0,0
TB,2019,64178722.0,96,66,0.593,-1.6112139848456288,30.0,0,7.0,1,23.0,0
TB,2020,28290689.0,40,20,0.667,-1.3670794518911655,28.0,0,2.0,1,26.0,0
TB,2021,70104552.0,100,62,0.617,-1.1057155508784582,26.0,0,3.0,1,23.0,0
TB,2022,97167073.0,86,76,0.531,-0.8249824545841986,23.0,0,13.0,0,10.0,0
TB,2023,74948362.0,99,63,0.611,-1.2236356280181684,27.0,0,4.0,1,23.0,0
TB,2024,89707422.0,80,82,0.494,-1.1251559122723886,28.0,0,20.0,0,8.0,0
TBD,1998,27280000.0,63,99,0.389,-1.0102096201649047,25.0,0,29.0,0,4.0,0
TBD,1999,38870000.0,69,93,0.426,-0.5448952578438115,20.0,0,25.0,0,5.0,0
TBD,2000,63265129.0,69,92,0.429,0.33259027782294076,10.0,1,25.0,0,15.0,0
TBD,2001,56980000.0,62,100,0.383,-0.34890243876334404,19.0,0,30.0,0,11.0,0
TBD,2002,34380000.0,55,106,0.342,-1.3463386157624089,30.0,0,30.0,0,0.0,1
TBD,2003,19630000.0,63,99,0.389,-1.8305552540998513,30.0,0,29.0,0,1.0,1
TBD,2004,29856667.0,70,91,0.435,-1.1954306720914227,29.0,0,23.0,0,6.0,0
TBD,2005,29679067.0,67,95,0.414,-1.266784025577123,30.0,0,29.0,0,1.0,1
TBD,2006,34917967.0,61,101,0.377,-1.326103777900784,29.0,0,30.0,0,1.0,1
TBD,2007,24123500.0,66,96,0.407,-1.6441778538635825,30.0,0,30.0,0,0.0,1
TBR,2008,44970597.0,97,65,0.599,-1.1706584407921155,29.0,0,3.0,1,26.0,0
TBR,2009,67270334.0,84,78,0.518,-0.7486986355297828,25.0,0,15.0,0,10.0,0
TBR,2010,71923471.0,96,66,0.593,-0.5230749030499744,21.0,0,2.0,1,19.0,0
TBR,2011,41053571.0,91,71,0.562,-1.2801324347777698,29.0,0,7.0,1,22.0,0
TBR,2012,63368700.0,90,72,0.556,-0.9376480612563293,26.0,0,9.0,1,17.0,0
TBR,2013,71163500.0,92,71,0.564,-0.634406964127212,23.0,0,9.0,1,14.0,0
TBR,2014,77814300.0,77,85,0.475,-0.7235842929376696,25.0,0,20.0,0,5.0,0
TEX,1985,7676500.0,62,99,0.385,-1.0153389491456368,23.0,0,23.0,0,0.0,1
TEX,1986,6743119.0,87,75,0.537,-1.6221816276599508,25.0,0,7.0,1,18.0,0
TEX,1987,5992718.0,75,87,0.463,-1.7052890460697165,25.0,0,21.0,0,4.0,0
TEX,1988,6385631.0,70,91,0.435,-1.8332051255944382,26.0,0,22.0,0,4.0,0
TEX,1989,11893781.0,83,79,0.512,-0.7714294867345493,19.0,0,13.0,0,6.0,0
TEX,1990,15597872.0,83,79,0.512,-0.5468125138170751,16.0,0,11.0,0,5.0,0
TEX,1991,18224500.0,85,77,0.525,-0.7777678459455707,20.0,0,7.0,1,13.0,0
TEX,1992,30128167.0,77,85,0.475,-0.09534477800951852,15.0,0,15.0,0,0.0,1
TEX,1993,36376959.0,86,76,0.531,0.44635833714820955,13.0,0,9.0,1,4.0,0
TEX,1994,32973597.0,52,62,0.456,-0.020872077987578327,15.0,0,21.0,0,6.0,0
TEX,1995,34581451.0,74,70,0.514,0.06273111428681402,14.0,0,11.0,0,3.0,0
TEX,1996,39041528.0,90,72,0.556,0.44906743817318806,11.0,0,6.0,1,5.0,0
TEX,1997,53448838.0,77,85,0.475,1.0095567530056961,5.0,1,19.0,0,14.0,0
TEX,1998,56752095.0,88,74,0.543,0.9026261682049075,6.0,1,10.0,1,4.0,0
TEX,1999,76709931.0,95,67,0.586,1.2879452512127325,4.0,1,8.0,1,4.0,0
TEX,2000,70795921.0,71,91,0.438,0.686713317044326,9.0,1,24.0,0,15.0,0
TEX,2001,88633500.0,73,89,0.451,0.9269426242063992,7.0,1,22.0,0,15.0,0
TEX,2002,105726122.0,72,90,0.444,1.542629917811101,3.0,1,23.0,0,20.0,0
TEX,2003,103491667.0,71,91,0.438,1.1600393654664443,5.0,1,23.0,0,18.0,0
TEX,2004,55050417.0,89,73,0.549,-0.43164912107823167,18.0,0,12.0,0,6.0,0
TEX,2005,55849000.0,79,83,0.488,-0.5009455104683562,21.0,0,19.0,0,2.0,1
TEX,2006,68228662.0,80,82,0.494,-0.2990817013721135,18.0,0,16.0,0,2.0,1
TEX,2007,68643675.0,75,87,0.463,-0.4070060157406551,20.0,0,20.0,0,0.0,1
TEX,2008,68037326.0,79,83,0.488,-0.5683427509449456,21.0,0,18.0,0,3.0,0
TEX,2009,79723548.0,87,75,0.537,-0.38403333576147425,18.0,0,10.0,1,8.0,0
TEX,2010,56474374.0,90,72,0.556,-0.9272775059933486,28.0,0,9.0,1,19.0,0
TEX,2011,93799264.0,96,66,0.593,-0.04547245360933536,14.0,0,4.0,1,10.0,0
TEX,2012,124119900.0,93,69,0.574,0.6947356417746106,6.0,1,8.0,1,2.0,1
TEX,2013,139261200.0,91,72,0.558,0.64401302851374,7.0,1,10.0,1,3.0,0
TEX,2014,129801239.0,67,95,0.414,0.33917228239651787,10.0,1,28.0,0,18.0,0
TEX,2015,135285607.0,88,74,0.543,0.15876266420304858,10.0,1,8.0,1,2.0,1
TEX,2016,143021690.0,95,67,0.586,0.19802377486326675,13.0,0,2.0,1,11.0,0
TEX,2017,141966320.0,78,84,0.481,0.046435907213171417,15.0,0,17.0,0,2.0,1
TEX,2018,120525018.0,67,95,0.414,-0.4320704647678359,20.0,0,24.0,0,4.0,0
TEX,2019,127538766.0,78,84,0.481,-0.2224548499005563,17.0,0,17.0,0,0.0,1
TEX,2020,56098581.0,22,38,0.367,-0.21215056226154003,17.0,0,29.0,0,12.0,0
TEX,2021,95788819.0,60,102,0.37,-0.6399646830569482,20.0,0,28.0,0,8.0,0
TEX,2022,150037446.0,68,94,0.42,0.003845325654300652,16.0,0,24.0,0,8.0,0
TEX,2023,251332754.0,90,72,0.556,1.1889072707188784,4.0,1,8.0,1,4.0,0
TEX,2024,225545408.0,78,84,0.481,0.8625579647104804,8.0,1,21.0,0,13.0,0
TOR,1985,9329217.0,99,62,0.615,-0.34797764238320467,18.0,0,2.0,1,16.0,0
TOR,1986,12801047.0,86,76,0.531,0.28643535199057957,10.0,1,10.0,1,0.0,1
TOR,1987,10765401.0,96,66,0.593,-0.28608044043378,17.0,0,2.0,1,15.0,0
TOR,1988,14412725.0,87,75,0.537,0.6594827723471908,6.0,1,9.0,1,3.0,0
TOR,1989,16586666.0,89,73,0.549,0.649292062643105,7.0,1,7.0,1,0.0,1
TOR,1990,18259334.0,86,76,0.531,0.1575166611459562,13.0,0,8.0,1,5.0,0
TOR,1991,19902417.0,91,71,0.562,-0.5343906480039208,18.0,0,5.0,1,13.0,0
TOR,1992,44788666.0,96,66,0.593,1.5081356126979748,1.0,1,4.0,1,3.0,0
TOR,1993,47279166.0,95,67,0.586,1.62568012068418,1.0,1,4.0,1,3.0,0
TOR,1994,43433668.0,55,60,0.478,1.2025781030852083,3.0,1,13.0,0,10.0,0
TOR,1995,50590000.0,56,88,0.389,1.758432036662942,1.0,1,28.0,0,27.0,0
TOR,1996,30555083.0,74,88,0.457,-0.3446061184948221,17.0,0,22.0,0,5.0,0
TOR,1997,47079833.0,76,86,0.469,0.5218204954251842,9.0,1,22.0,0,13.0,0
TOR,1998,51376000.0,88,74,0.543,0.5536999409490574,10.0,1,11.0,0,1.0,1
TOR,1999,45444333.0,84,78,0.518,-0.22645641496042374,18.0,0,12.0,0,6.0,0
TOR,2000,46038332.0,83,79,0.512,-0.47747136107106175,22.0,0,14.0,0,8.0,0
TOR,2001,76895999.0,80,82,0.494,0.4538438293668894,10.0,1,17.0,0,7.0,0
TOR,2002,76864333.0,78,84,0.481,0.3739497161928818,11.0,0,18.0,0,7.0,0
TOR,2003,51269000.0,86,76,0.531,-0.7022754743948041,21.0,0,13.0,0,8.0,0
TOR,2004,50017000.0,67,94,0.416,-0.5842437543962635,21.0,0,26.0,0,5.0,0
TOR,2005,45719500.0,80,82,0.494,-0.7973758161475589,25.0,0,17.0,0,8.0,0
TOR,2006,71365000.0,87,75,0.537,-0.20238337774194676,16.0,0,10.0,1,6.0,0
TOR,2007,81942800.0,83,79,0.512,-0.037436423490027654,16.0,0,15.0,0,1.0,1
TOR,2008,97793900.0,86,76,0.531,0.2086573775213991,13.0,0,13.0,0,0.0,1
TOR,2009,83964500.0,75,87,0.463,-0.2598462759082502,16.0,0,22.0,0,6.0,0
TOR,2010,62734000.0,85,77,0.525,-0.7635037189136233,23.0,0,13.0,0,10.0,0
TOR,2011,64567800.0,81,81,0.5,-0.7297163556046276,23.0,0,14.0,0,9.0,0
TOR,2012,82352700.0,73,89,0.451,-0.4275483065463094,18.0,0,22.0,0,4.0,0
TOR,2013,124517800.0,74,88,0.457,0.3672304452619912,8.0,1,23.0,0,15.0,0
TOR,2014,136466200.0,83,79,0.512,0.4754224879932721,7.0,1,14.0,0,7.0,0
TOR,2015,138309664.0,93,69,0.574,0.22113306807425337,9.0,1,5.0,1,4.0,0
TOR,2016,148385479.0,89,73,0.549,0.3056418087931116,10.0,1,8.0,1,2.0,1
TOR,2017,175617487.0,76,86,0.469,0.7595528389226587,7.0,1,19.0,0,12.0,0
TOR,2018,150946147.0,73,89,0.451,0.3041860890413244,11.0,0,22.0,0,11.0,0
TOR,2019,111086139.0,67,95,0.414,-0.5830722768722602,21.0,0,26.0,0,5.0,0
TOR,2020,54237801.0,32,28,0.533,-0.2894332480273296,19.0,0,11.0,0,8.0,0
TOR,2021,150140253.0,91,71,0.562,0.3456280750639481,12.0,0,9.0,1,3.0,0
TOR,2022,177001966.0,92,70,0.568,0.4265573662293996,11.0,0,8.0,1,3.0,0
TOR,2023,214630885.0,89,73,0.549,0.6869080154427802,9.0,1,9.0,1,0.0,1
TOR,2024,218402819.0,74,88,0.457,0.7580406371870497,9.0,1,24.0,0,15.0,0
WSH,2015,165655095.0,83,79,0.512,0.7851256037646069,5.0,1,14.0,0,9.0,0
WSH,2016,139583852.0,95,67,0.586,0.1290476524749122,15.0,0,3.0,1,12.0,0
WSH,2017,182238854.0,97,65,0.599,0.8998691886873622,6.0,1,4.0,1,2.0,1
WSH,2018,181382609.0,82,80,0.506,1.0408137343290276,5.0,1,16.0,0,11.0,0
WSH,2019,172307808.0,93,69,0.574,0.758816817780729,7.0,1,9.0,1,2.0,1
WSH,2020,74697333.0,26,34,0.433,0.5603005101123306,7.0,1,24.0,0,17.0,0
WSH,2021,144415187.0,65,97,0.401,0.24181142894998967,13.0,0,26.0,0,13.0,0
WSH,2022,126672438.0,55,107,0.34,-0.36243859891522673,20.0,0,30.0,0,10.0,0
WSH,2023,93378663.0,71,91,0.438,-0.9715504446583149,25.0,0,26.0,0,1.0,1
WSH,2024,103945407.0,71,91,0.438,-0.9168118312229688,24.0,0,25.0,0,1.0,1
WSN,2005,48581500.0,81,81,0.5,-0.713622073627802,23.0,0,16.0,0,7.0,0
WSN,2006,63143000.0,71,91,0.438,-0.4558808059168536,21.0,0,25.0,0,4.0,0
WSN,2007,36947500.0,73,89,0.451,-1.2878115176555955,28.0,0,22.0,0,6.0,0
WSN,2008,54961000.0,59,102,0.366,-0.90979022342171,26.0,0,30.0,0,4.0,0
WSN,2009,64384000.0,59,103,0.364,-0.8332186520766325,27.0,0,30.0,0,3.0,0
WSN,2010,67701000.0,69,93,0.426,-0.6335495650352615,22.0,0,25.0,0,3.0,0
WSN,2011,68492928.0,80,81,0.497,-0.6378377928836165,21.0,0,15.0,0,6.0,0
WSN,2012,92386000.0,98,64,0.605,-0.15795370746645038,14.0,0,1.0,1,13.0,0
WSN,2013,112493250.0,86,76,0.531,0.14148970625743224,11.0,0,13.0,0,2.0,1
WSN,2014,137235080.0,96,66,0.593,0.49114051816317594,6.0,1,3.0,1,3.0,0
